TransactionID,CustomerID,CustomerDOB,CustGender,CustLocation,CustAccountBalance,TransactionDate,TransactionTime,TransactionAmount (INR)
T1,C5841053,10/1/1994,F,JAMSHEDPUR,17819.05,2/8/2016,143207,25
T2,C2142763,4/4/1957,M,JHAJJAR,2270.69,2/8/2016,141858,27999
T3,C4417068,26/11/96,F,MUMBAI,17874.44,2/8/2016,142712,459
T4,C5342380,14/9/73,F,MUMBAI,866503.21,2/8/2016,142714,2060
T5,C9031234,24/3/88,F,NAVI MUMBAI,6714.43,2/8/2016,181156,1762.5
T6,C1536588,8/10/1972,F,ITANAGAR,53609.2,2/8/2016,173940,676
T7,C7126560,26/1/92,F,MUMBAI,973.46,2/8/2016,173806,566
T8,C1220223,27/1/82,M,MUMBAI,95075.54,2/8/2016,170537,148
T9,C8536061,19/4/88,F,GURGAON,14906.96,2/8/2016,192825,833
T10,C6638934,22/6/84,M,MUMBAI,4279.22,2/8/2016,192446,289.11
T11,C5430833,22/7/82,M,MOHALI,48429.49,2/8/2016,204133,259
T12,C6939838,7/7/1988,M,GUNTUR,14613.46,2/8/2016,205108,202
T13,C6339347,13/6/78,M,AHMEDABAD,32274.78,2/8/2016,203834,12300
T14,C8327851,5/1/1992,F,THANE,59950.44,1/8/2016,84706,50
T15,C7917151,24/3/78,M,PUNE,10100.84,1/8/2016,82253,338
T16,C8334633,10/7/1968,F,NEW DELHI,1283.12,1/8/2016,125725,250
T17,C1376215,1/1/1800,M,MUMBAI,77495.15,1/8/2016,124727,1423.11
T18,C8967349,16/7/89,M,MUMBAI,2177.85,1/8/2016,124734,54
T19,C3732016,11/1/1991,M,MUMBAI,32816.17,1/8/2016,122135,315
T20,C8999019,24/6/85,M,PUNE,10643.5,1/8/2016,152821,945
T21,C6121429,20/4/93,M,NO 3 KALYANI NAGAR PUNE,2934.22,1/8/2016,152824,36
T22,C4511244,31/8/89,F,SECUNDERABAD,4470.15,3/8/2016,105329,27
T23,C7018081,1/1/1800,M,WAYS PANCHKUVA AHMEDABAD,143.07,3/8/2016,104718,110
T24,C5830215,1/10/1986,M,LUCKNOW,12868.42,3/8/2016,125629,291
T25,C1219943,17/5/91,F,GURGAON,2951.1,3/8/2016,124834,1892
T26,C5521085,24/2/93,M,GURGAON,3297.74,3/8/2016,160533,242
T27,C5430368,1/2/1986,M,DELHI,285.76,3/8/2016,160537,5500
T28,C2416848,1/4/1993,M,CHENNAI,20986.66,3/8/2016,160544,2235
T29,C7935438,1/1/1800,M,MOHALI,969436.12,3/8/2016,183634,36.9
T30,C8736958,19/12/86,M,GRAM PANCHAYTH HYDERABAD,,3/8/2016,160636,2600
T31,C7648712,21/1/67,F,NEW DELHI,298461.05,3/8/2016,160642,500
T32,C5652115,26/6/91,F,GHAZIABAD,6384.54,3/8/2016,160558,10
T33,C1889073,25/2/85,F,BANGALORE,57791.69,3/8/2016,160750,760
T34,C2043652,25/7/79,F,MUMBAI,123781.9,3/8/2016,182714,6800
T35,C7017047,23/4/77,M,GURGAON,39.73,3/8/2016,182715,110
T36,C1211387,1/1/1800,M,AHMEDABAD,11791.25,3/8/2016,125915,1075
T37,C4320949,25/10/84,F,CHENNAI,213.06,3/8/2016,182915,1081
T38,C2331533,30/12/97,F,GUWAHATI,44627.73,3/8/2016,182918,2999
T39,C5338459,3/1/1984,M,DHANBAD,113238.74,3/8/2016,180948,1350
T40,C5120181,25/6/85,M,MUKTSAR,2477.42,3/8/2016,183614,683
T41,C5838935,13/4/83,M,SOCORRO,58406.7,3/8/2016,132517,50
T42,C7923455,6/10/1992,M,ANDHERI (EAST) MUMBAI,5810.82,3/8/2016,221111,12
T43,C2733968,6/12/1992,F,AURANGABAD,12545.18,3/8/2016,220926,179
T44,C2023055,30/7/93,M,MUMBAI,10630.88,3/8/2016,222006,421.8
T45,C1289591,28/10/90,M,KOTA,282455.64,3/8/2016,222008,900
T46,C3526781,2/11/1980,M,CHENNAI,1589.43,3/8/2016,222609,90
T47,C8934588,23/10/81,M,JAIPUR,5055.18,3/8/2016,223146,13846
T48,C7542443,29/12/89,M,K V RANGAREDDY,25222.91,3/8/2016,223149,59.47
T49,C6427687,4/7/1981,M,MUZAFFARNAGAR,2162.36,2/8/2016,100019,55
T50,C5242591,1/12/1982,M,BURDWAN,22525.66,5/8/2016,133136,27990
T51,C8624922,26/6/82,F,GURGAON,298357.41,5/8/2016,133139,1388
T52,C6637047,25/7/66,M,PUNE,9956.49,5/8/2016,133141,145
T53,C3815912,2/11/1994,M,MUMBAI,2058.42,5/8/2016,141853,519
T54,C8837044,20/11/88,F,LUDHIANA,8842.13,5/8/2016,141704,100
T55,C4237628,10/4/1987,M,NOIDA,196.83,5/8/2016,165658,150
T56,C1516160,2/10/1990,M,GURGAON,17070.89,5/8/2016,165657,107
T57,C4415955,7/12/1994,M,AGRA,2502.74,5/8/2016,165911,1008.63
T58,C3932235,20/8/91,M,SHAHJAHANPUR,91.66,5/8/2016,202838,110
T59,C5623837,7/8/1984,M,DELHI,947.23,5/8/2016,202943,726
T60,C7415323,6/3/1989,M,DIST RAIGAD PANVEL,10253.21,5/8/2016,202608,4387
T61,C7642737,7/5/1988,M,DEHRADUN,27852.19,5/8/2016,202725,1500
T62,C2431680,11/4/1975,F,BANGALORE,13138.22,5/8/2016,202509,412.2
T63,C1130989,22/10/90,M,PUNE,250.26,5/8/2016,105850,60
T64,C3928242,1/6/1989,M,JAIPUR,10067.44,5/8/2016,202657,262
T65,C2936517,17/4/89,F,HYDERABAD,23952.37,4/8/2016,83144,35
T66,C1040842,7/9/1991,M,MUMBAI,26387.17,4/8/2016,83155,1
T67,C8417574,17/7/90,F,MUMBAI,224685.48,4/8/2016,12648,339.92
T68,C6730370,1/1/1994,M,GODDA,13968.07,4/8/2016,202956,101
T69,C2726074,2/10/1985,F,THANE,395743.6,1/8/2016,180455,9746.5
T70,C8017865,14/3/82,F,DELHI,87884.2,1/8/2016,180546,142
T71,C8932791,10/9/1983,M,REWARI (HARYANA),5511.73,1/8/2016,173747,6259.72
T72,C2725826,15/3/80,M,BANGALORE,21291.71,1/8/2016,173940,213
T73,C6694517,10/8/1977,M,GURGAON,12903.39,1/8/2016,180818,666
T74,C7527844,16/2/82,M,BANGALORE,20.63,1/8/2016,180822,3998
T75,C2016883,20/8/94,F,NELLORE,5922.11,1/8/2016,194114,507
T76,C5930363,20/8/94,M,ADIPUR,2.75,1/8/2016,194117,800
T77,C1021343,23/2/80,M,MUMBAI,134698.04,1/8/2016,194733,467
T78,C5529374,24/6/84,M,GURGAON,15448.95,1/8/2016,141850,98
T79,C3013442,30/10/90,M,NEW DELHI,27818.65,1/8/2016,204009,57
T80,C6612422,25/5/67,M,DELHI,257966.29,1/8/2016,204252,195.64
T81,C8342660,4/5/1967,M,DUBAI,6190.71,1/8/2016,210610,878
T82,C4824547,5/7/1984,F,ALLAHABAD,34574.86,1/8/2016,203217,326
T83,C1711530,15/2/92,M,DELHI,8797.55,1/8/2016,220818,2997.02
T84,C8640537,29/8/90,F,BATHINDA,2988.21,1/8/2016,220825,1642
T85,C3839727,20/1/83,M,GHAZIABAD,21868.16,6/8/2016,90811,500
T86,C2715454,1/5/1983,M,NASHIK,13421.46,6/8/2016,32822,11
T87,C5931634,15/8/95,F,CHENNAI,1942.83,6/8/2016,121618,28
T88,C7918237,3/9/1974,M,JAMMU,23302.14,6/8/2016,122039,2200
T89,C1625292,18/11/88,F,AURANGABAD,1880.1,6/8/2016,121749,1499
T90,C2211527,13/9/84,M,BANGALORE,121767.71,6/8/2016,120156,288
T91,C6030281,3/6/1985,M,DELHI,6584.77,6/8/2016,144841,100
T92,C1925215,3/3/1978,F,BANGALORE,100371.41,6/8/2016,165330,4000
T93,C6040326,9/2/1992,M,JABALPUR,35990.54,6/8/2016,165536,930
T94,C5232732,28/4/72,M,NEW DELHI,7330.62,6/8/2016,170022,2813.62
T95,C1616335,17/5/81,M,MUMBAI,98097.5,6/8/2016,170236,787.98
T96,C4226473,25/5/88,M,KASHIPUR,4001.86,6/8/2016,162303,96
T97,C3232257,15/10/94,M,ETAH,78.33,6/8/2016,174150,179
T98,C1717631,14/7/87,M,NEW DELHI,14916.95,6/8/2016,174346,830
T99,C7130627,10/6/1989,F,DELHI,62706.81,6/8/2016,182434,3380
T100,C1713934,18/9/77,F,KOLKATA,22588.09,6/8/2016,182603,810
T101,C2742048,29/4/86,F,NEW DELHI,37588.84,6/8/2016,182613,1473.5
T102,C4953770,27/10/86,M,VADODARA,96.2,6/8/2016,182741,1897
T103,C6427021,1/4/1981,M,DELHI,31121.47,6/8/2016,182927,974
T104,C7833983,30/11/87,F,TIRUPUR,2298.51,6/8/2016,90053,50
T105,C7924053,15/4/71,F,KOLKATA,77587.52,6/8/2016,185409,500
T106,C7118047,27/8/67,M,DELHI,76185.83,6/8/2016,200633,1826
T107,C5836729,1/5/1977,M,THANE,3214.87,6/8/2016,203330,2898.78
T108,C5712211,6/11/1981,M,KOLKATA,755133.35,6/8/2016,203329,1803
T109,C5910145,14/10/77,M,GURGAON,27388.25,6/8/2016,203527,205
T110,C8311768,6/3/1990,M,SURAT,27552.35,6/8/2016,225427,164
T111,C4417481,20/4/93,M,BANGALORE,40664.53,6/8/2016,230002,2245.95
T112,C4974913,31/7/92,M,NAGO THANE,12.01,6/8/2016,225941,59
T113,C3911031,16/10/89,F,KARUR DT,116592.57,5/8/2016,110647,1480
T114,C7641090,15/6/91,M,CHITTO0R,8588.5,5/8/2016,110551,1
T115,C7317029,19/3/92,M,K V RANGAREDDY,33.01,5/8/2016,105532,40
T116,C4232113,16/4/91,M,MUMBAI,172.63,9/8/2016,175100,599
T117,C5024473,5/7/1983,M,INDORE,139144.83,9/8/2016,183236,2066.74
T118,C4932115,12/6/1987,F,BANGALORE,75348.06,9/8/2016,183144,250
T119,C2611254,21/12/84,M,OFF CUBBON ROAD BANGALORE,241139.36,9/8/2016,183616,25
T120,C6932571,24/1/89,M,BANGALORE,6023.36,9/8/2016,183957,478
T121,C8724471,7/5/1986,M,DELHI,654.36,9/8/2016,183958,1000
T122,C4619519,23/3/88,M,THANE,140830.97,9/8/2016,201148,895
T123,C1127458,27/9/86,M,NOIDA,23541.54,9/8/2016,201338,500
T124,C4117761,15/1/89,M,BANGALORE,5337.59,9/8/2016,201614,385
T125,C8441772,20/4/82,F,GURGAON,51939.21,9/8/2016,194915,457
T126,C2024260,15/1/87,M,PIMPALI,87839.68,9/8/2016,194916,1747
T127,C7785966,10/7/1991,M,GURGAON,122636.69,9/8/2016,143958,60
T128,C5027040,23/3/84,M,PUMP HINJEWADI PUNE,12.54,9/8/2016,224849,200
T129,C2417034,22/2/92,F,KANJURMARG EAST,923.01,8/8/2016,65118,25
T130,C1642073,12/10/1982,M,DELHI,440199.11,8/8/2016,65316,127
T131,C2511417,26/2/92,M,NEW DELHI,11850.45,8/8/2016,70603,1150
T132,C6133064,28/7/91,M,HYDERABAD,25963.21,8/8/2016,52256,155
T133,C7614444,3/4/1991,M,SOUTH 24 PARGANAS,19.83,8/8/2016,110319,40
T134,C5343690,28/4/91,F,GURGAON,65486.49,4/8/2016,95925,250
T135,C1441611,18/4/89,M,MUMBAI,171927.54,4/8/2016,95352,150
T136,C1611437,1/7/1989,M,KOLKATA,32855.8,4/8/2016,43049,75
T137,C1537466,25/10/90,F,MIRABHAYANDER THANE MIRA ROAD,12783.53,4/8/2016,100850,50
T138,C4234628,18/3/88,M,MUMBAI,3186.2,4/8/2016,95332,10885
T139,C4325284,16/3/87,M,MUMBAI,22771.72,4/8/2016,165239,530.6
T140,C8430783,13/12/87,F,GHAZIABAD,20594.64,4/8/2016,164042,555
T141,C6419838,25/11/90,M,MUMBAI,22880.95,4/8/2016,164042,5757
T142,C2442760,21/2/85,F,GHAZIABAD,35790.14,4/8/2016,182453,777
T143,C5236621,24/10/96,M,JAIPUR,45299.78,4/8/2016,181251,2124
T144,C7226281,17/6/84,M,HYDERABAD,1551.84,4/8/2016,155250,20
T145,C2635440,16/1/32,M,MUMBAI,228872.29,4/8/2016,160124,405.52
T146,C5940325,24/8/94,M,SAHARANPUR,43555.69,4/8/2016,160125,355
T147,C1272724,29/6/82,M,CHANDIGARH,4402.08,9/8/2016,224655,245
T148,C5034425,9/11/1989,M,DELHI,54033.57,9/8/2016,25955,360
T149,C1011359,5/6/1994,M,CHENNAI,179.99,9/8/2016,30619,955
T150,C6324674,22/9/91,M,PUNE,29436.97,9/8/2016,1532,70
T151,C8737387,3/8/1989,M,GURGAON,12010.4,9/8/2016,225034,299
T152,C3334638,1/1/1800,M,PUNE,700,9/8/2016,24912,1500
T153,C7917762,21/1/85,F,BANGALORE,43375.42,9/8/2016,24933,1986.5
T154,C8037570,20/6/90,M,MUMBAI,8111.52,4/8/2016,200859,1274
T155,C6322261,14/9/87,M,ALLAHABAD,4311.29,4/8/2016,201344,149
T156,C6943550,11/10/1987,M,COMPLEX GURGAON,2495.98,4/8/2016,201543,110
T157,C8520931,26/4/59,M,PUNE,156103.2,4/8/2016,201736,2297
T158,C7742540,6/9/1979,M,PUNE,2502.37,4/8/2016,195951,170
T159,C7231945,9/5/1992,M,MUMBAI,12.97,4/8/2016,200151,101
T160,C7530036,2/2/1979,F,GURGAON,20892.73,9/8/2016,44802,1665
T161,C2837736,31/12/89,M,PARK PHASE-I HINJEWADI PUNE,191276.9,9/8/2016,110837,217
T162,C1268950,15/6/91,F,MUMBAI,21756.67,9/8/2016,93907,500
T163,C7410760,1/1/1988,M,GULBARGA,5.37,9/8/2016,94603,1020
T164,C7840374,1/1/1800,M,GHAZIABAD,24824.83,9/8/2016,115520,5000
T165,C2215655,11/3/1990,M,GURGAON,171.65,9/8/2016,115655,300
T166,C5054958,2/12/1986,F,KANPUR,5391.22,9/8/2016,120616,1800
T167,C8695466,3/1/1993,M,NAVI MUMBAI,43571.2,9/8/2016,172155,2074
T168,C1437248,22/7/93,F,GURGAON,116584.57,9/8/2016,172158,210
T169,C8891737,8/7/1991,M,NEW DELHI,51694.63,9/8/2016,173007,100
T170,C6125425,6/10/1991,M,MUMBAI,119.47,9/8/2016,172927,500
T171,C4023754,23/4/96,M,VISAKHAPATNAM,0.74,12/8/2016,83107,100
T172,C4332787,29/9/90,F,NEW DELHI,63972.18,12/8/2016,83118,451
T173,C5220931,30/1/90,F,HYDERABAD,9526.7,12/8/2016,90104,100
T174,C1840488,29/4/89,F,DELHI,75889.12,12/8/2016,82319,599
T175,C2918640,16/5/89,M,HISAR,41319.3,12/8/2016,122132,825
T176,C8214849,14/5/90,M,LUCKNOW,8.49,12/8/2016,121534,80
T177,C5698953,1/1/1800,,NAVI MUMBAI,8512.28,12/8/2016,155727,3449
T178,C5710590,21/9/80,M,AHMEDABAD,3042.12,12/8/2016,155835,2830.5
T179,C4631217,25/8/96,F,HYDERABAD,27940.79,12/8/2016,154412,1328.72
T180,C4829664,1/1/1981,M,GURGAON,190073.86,12/8/2016,171658,50
T181,C8934869,22/8/92,M,MUMBAI,10074.33,12/8/2016,55127,8.99
T182,C4834518,22/1/88,F,FORT MUMBAI,8179.54,12/8/2016,182331,456
T183,C1638021,1/1/1800,M,NEW DELHI,9702.54,12/8/2016,185134,2580
T184,C5523764,21/9/79,M,PATHANKOT,11.98,12/8/2016,182656,2117
T185,C1315664,11/2/1992,F,SUNDARGARH,4597.56,8/8/2016,183949,64
T186,C8231241,19/6/89,M,NEW DELHI,407935.95,8/8/2016,184034,500
T187,C6323747,10/8/1988,M,DELHI,556731.79,8/8/2016,184232,26991
T188,C4742524,25/4/86,M,MARGAO,22660.58,8/8/2016,203329,851
T189,C7537492,28/11/81,M,NAVI MUMBAI,5738.43,8/8/2016,194326,600
T190,C1516222,17/4/88,M,DHULE,17449.33,8/8/2016,194955,306
T191,C1931276,1/1/1800,M,MOHALI,114.92,8/8/2016,215840,390
T192,C4138629,27/4/94,M,BANGALORE,0.7,8/8/2016,220036,150
T193,C6417852,23/1/84,M,BANGALORE NORTH,26239,8/8/2016,220542,380
T194,C4325361,1/1/1800,M,KOLKATA,133203.58,7/8/2016,93946,100000
T195,C5633923,12/4/1991,M,NOIDA,359.23,7/8/2016,94712,60
T196,C1938713,10/1/1967,M,LUCKNOW,268685.24,7/8/2016,121356,1220
T197,C7512180,11/11/1978,M,ZIRAKPUR,1130141.97,7/8/2016,115829,614
T198,C3720487,27/9/75,M,JAIPUR,1223.92,7/8/2016,115644,69
T199,C8380118,20/4/74,M,SURYAPET,28758.9,7/8/2016,120943,980
T200,C5922155,24/7/88,M,BHIWANDI,10492.25,7/8/2016,125130,148
T201,C2440683,15/9/92,M,DELHI,1123.68,7/8/2016,125130,440
T202,C6297162,15/8/93,M,DELHI,4546.07,7/8/2016,123126,148
T203,C6276018,19/8/89,F,HYDERABAD,104.57,7/8/2016,123129,2134.4
T204,C6370750,8/4/1980,M,THANE,33661.57,7/8/2016,122857,496.07
T205,C7534237,4/9/1985,M,RAJKOT,1133.27,7/8/2016,144525,100
T206,C3881215,15/6/93,M,CHENNAI,4650.59,7/8/2016,150344,192
T207,C7675278,1/1/1800,M,NOIDA,1867210.51,7/8/2016,144436,137890
T208,C6814469,16/6/84,M,NOIDA,132699.5,7/8/2016,170456,500
T209,C3135066,2/10/1981,F,MUMBAI,28710.33,7/8/2016,165130,127.8
T210,C1726754,23/2/88,M,BANGALORE,6130.16,7/8/2016,165812,200
T211,C5067828,4/1/1991,F,GHAZIABAD,46936.18,7/8/2016,170103,5887
T212,C8121828,19/4/96,M,AMBEDKAR NAGAR,84.91,7/8/2016,192751,88
T213,C8426486,1/7/1989,F,CHENNAI,13279.12,7/8/2016,193120,323.72
T214,C5117177,8/7/1984,F,DELHI,85722.72,7/8/2016,193122,1378
T215,C1719155,6/2/1972,M,PURI,10.5,7/8/2016,140123,1131
T216,C7931754,31/5/88,M,MUMBAI,108913.62,12/8/2016,63631,500
T217,C7034179,13/12/85,F,BANGALORE,5117.84,12/8/2016,63004,15
T218,C7212335,26/5/86,M,NAGAI DT,21457.34,12/8/2016,55544,100
T219,C5413870,10/12/1971,M,THANE,17920.6,21/10/16,153145,200
T220,C2435753,17/12/80,M,NEW DELHI,45812.85,21/10/16,153910,518
T221,C4830619,16/7/93,M,HYDERABAD,5795.3,21/10/16,110148,203.12
T222,C2880664,22/7/89,M,BANGALORE,76385.67,21/10/16,151926,1294
T223,C9022645,nan,M,BHIWANDI,1730.3,21/10/16,150814,4000
T224,C2213811,13/12/87,F,HYDERABAD,16431.3,21/10/16,165639,1119
T225,C7541566,21/12/92,M,CHITTO0R,2.87,21/10/16,165644,40
T226,C2429086,13/2/79,M,NEW DELHI,26413.93,21/10/16,165644,510
T227,C6918371,25/5/66,F,KERALA,801229.49,21/10/16,161925,1550
T228,C7527049,17/4/66,M,SURAT,5407.86,21/10/16,162705,149
T229,C6058483,4/6/1990,M,GHINGHARTOLA TEH BAGESHWAR DIST,4044.37,21/10/16,162707,40
T230,C4456638,19/7/67,F,NEW DELHI,36278.83,21/10/16,160047,500
T231,C2811892,16/3/89,M,MUMBAI,344.25,21/10/16,160048,220
T232,C7823561,9/2/1991,M,MUMBAI,3875.77,21/10/16,160125,30
T233,C6520033,12/3/1989,M,MUMBAI,121747.74,21/10/16,152746,200
T234,C2110492,5/7/1983,F,BANGALORE,40366.35,21/10/16,153030,4200
T235,C4217328,19/9/88,M,BANGALORE,15693.31,21/10/16,160043,200
T236,C6927275,10/11/1986,M,CHENNAI,44164.97,21/10/16,151615,3142
T237,C2042372,24/8/85,F,NOIDA,121821.27,21/10/16,151650,1219.04
T238,C3727411,21/2/87,F,ROURKELA,167.1,21/10/16,150740,199
T239,C5136863,24/6/87,M,MUPPALLA GUNTUR,6209.42,21/10/16,170612,708.05
T240,C2434983,29/11/88,M,MUMBAI,930.8,21/10/16,165854,100
T241,C1626454,5/8/1973,M,MUMBAI,25296.5,21/10/16,165639,2000
T242,C1316616,26/5/66,F,NEWDELHI,20422.76,21/10/16,155655,800
T243,C5042661,16/3/74,F,NEW DELHI,15147.88,21/10/16,153545,1000
T244,C4531588,31/10/93,F,DELHI,2257.58,21/10/16,145417,460
T245,C5528968,1/1/1800,M,PIPARIYA,5724.5,21/10/16,145424,4478
T246,C4814390,1/10/1971,F,MIRA ROAD E,78122.46,21/10/16,150436,47290
T247,C6437438,22/5/83,F,BHUBANESHWAR,324551.5,21/10/16,151154,25000
T248,C8738676,1/1/1800,M,RAJPURA,362200.72,21/10/16,151251,53000
T249,C1812573,14/1/87,F,SAHARANPUR,41268.37,21/10/16,151201,35
T250,C8915718,26/6/86,F,PANCHKULA,22802.23,21/10/16,145515,100
T251,C5334280,20/8/74,M,ROURKELA,13996.1,21/10/16,155146,100
T252,C5920074,26/10/83,F,FARIDABAD,48587.19,21/10/16,150848,1595
T253,C1733292,4/11/1989,M,CHENNAI,174684.91,21/10/16,150848,283
T254,C6230681,19/11/89,F,BANGALORE,7948.27,21/10/16,171343,68
T255,C1977592,30/10/93,M,JALANDHAR,155684.44,21/10/16,152514,3034.5
T256,C4418491,5/3/1990,F,DELHI,17555.91,21/10/16,162522,110
T257,C5212180,18/3/86,F,MUMBAI,168034.54,21/10/16,161714,10
T258,C5227319,18/5/80,F,WEST MUMBAI,4459.73,21/10/16,152525,2870
T259,C9016392,24/8/90,M,DELHI,9236.65,21/10/16,164132,259
T260,C3531473,3/12/1989,M,KOLKATA,13592.65,21/10/16,154628,1128.37
T261,C7340149,28/6/77,M,GWALIOR,134969.65,21/10/16,152653,2200
T262,C8091089,10/4/1973,M,INDORE,7967.47,21/10/16,152237,330
T263,C7878838,1/1/1800,M,SECTOR 21 KHARGHAR NAVI MUMBAI,444234.73,21/10/16,145620,201
T264,C8917722,1/1/1800,M,GURGAON,16369.59,21/10/16,171139,30990
T265,C8627747,19/2/83,F,PUNE,9158.59,21/10/16,171417,899
T266,C5312019,23/4/94,M,MUMBAI,1318.31,21/10/16,152802,110
T267,C7621186,12/3/1984,M,THANE,1629.89,21/10/16,160005,500
T268,C7832128,1/1/1800,F,PUNE,7211.41,21/10/16,155702,4740
T269,C8910280,17/7/91,M,NEW DELHI,17146.97,21/10/16,154907,200
T270,C2526046,7/1/1988,F,KOLKATA,31369.53,21/10/16,151510,1735
T271,C2632615,18/2/99,M,BAGHPAT,10266.36,21/10/16,152328,327
T272,C2822770,1/1/1800,M,NEW DELHI,1426.19,21/10/16,152908,6652.72
T273,C8439216,6/4/1993,M,GURGAON,10016.68,21/10/16,151032,412.65
T274,C6432618,12/8/1987,M,BANGALORE,394220.21,21/10/16,151407,42
T275,C5310729,16/1/83,M,NOIDA,16475.24,21/10/16,154322,128
T276,C5741387,2/7/1984,F,KOLKATA,56450.72,21/10/16,150740,722
T277,C6676689,2/5/1983,F,BANGALORE,56736.02,21/10/16,162210,1488
T278,C7472456,17/3/92,F,BANGALORE,4341.39,21/10/16,145841,50
T279,C3117918,6/1/1985,M,PUNE,181.22,21/10/16,170239,200
T280,C1837362,15/8/65,F,NEW DELHI,46278.49,21/10/16,153618,1300
T281,C1428060,27/6/86,M,NOIDA,38506.22,21/10/16,152918,610
T282,C7629962,18/5/82,F,RAJPURA,28012.42,21/10/16,153203,655
T283,C7921623,18/7/88,M,AMBALA,100780.55,21/10/16,153948,1203
T284,C5129934,17/5/85,F,ZONE WHITEFIELD BANGALORE,36724.28,21/10/16,151743,600
T285,C7327571,19/4/85,M,NEW DELHI,78479.33,21/10/16,163453,18
T286,C3460025,26/6/91,M,GORAKHPUR,28185.38,21/10/16,163704,1720
T287,C7812071,21/11/93,M,NEW DELHI,8585.51,21/10/16,150606,1150
T288,C1728525,16/3/91,M,MUMBAI,462.12,21/10/16,150850,2647
T289,C4636775,23/9/86,M,MOHALI,390.04,21/10/16,150850,567
T290,C3871476,12/9/1986,F,DELHI,71403.21,21/10/16,151129,1000
T291,C5122418,10/10/1985,M,CHENNAI,52608.41,21/10/16,151910,11364
T292,C8920230,2/8/1972,M,GURGAON,30809.31,21/10/16,152114,350
T293,C4336382,19/7/78,M,GHAZIABAD,25419.25,21/10/16,171125,1890
T294,C7058034,6/3/1992,F,CHENNAI,184680.72,21/10/16,150915,50
T295,C5411869,24/12/99,M,BARAMATI,7486.12,21/10/16,151037,1000
T296,C6952840,5/11/1981,M,DELHI,63.58,21/10/16,165950,634.12
T297,C8732711,9/2/1979,F,YAMUNANAGAR,82130.58,21/10/16,165100,1423
T298,C7421711,4/5/1988,M,NEW DELHI,32511.6,21/10/16,155658,1870
T299,C3151961,10/1/1987,M,NEW DELHI,7336.76,21/10/16,55209,50
T300,C7338641,24/7/82,M,GURGAON,60659.23,21/10/16,152729,2968
T301,C4318459,13/12/88,F,GHAZIABAD,25471.44,21/10/16,170828,620
T302,C7325318,7/3/1987,M,MANGALORE,72118.89,21/10/16,155949,699
T303,C7136280,6/1/1984,M,TALUK BANGALORE,133.8,21/10/16,155952,2400
T304,C4026349,1/1/1800,M,NEW DELHI,150501.26,21/10/16,150600,357
T305,C3418523,12/7/1982,M,LUCKNOW,951.07,21/10/16,163142,21060
T306,C7118840,29/5/94,M,GUNTUR,5393.9,21/10/16,152024,45
T307,C9045422,13/6/87,M,FIROZABAD,96798.63,21/10/16,153044,550
T308,C2324371,9/11/1941,M,PONDICHERRY,5950.17,21/10/16,153920,969
T309,C7119722,15/4/92,M,RAIGAD,9464.85,21/10/16,152550,30
T310,C4111528,20/1/96,M,BULANDSHAHR,342.98,21/10/16,152749,50
T311,C4241947,21/3/91,F,HYDERABAD,2540.13,21/10/16,152752,94
T312,C1851438,29/9/85,F,NEW DELHI,17907.01,21/10/16,153745,400
T313,C3537555,6/4/1984,M,MUMBAI,9.57,21/10/16,153910,221.75
T314,C8046459,25/11/54,M,THRISSUR,137410.23,21/10/16,153048,36500
T315,C4637288,25/10/93,F,CHENNAI,812.53,21/10/16,150427,25
T316,C3126340,3/6/1981,M,KOLKATA,177950.63,21/10/16,150431,865
T317,C7358678,27/4/70,M,MOHALI,5802.91,21/10/16,145900,695
T318,C6533711,8/2/1992,M,PUNE,6090.05,21/10/16,145918,50
T319,C7229966,16/6/88,M,DELHI,17761.95,21/10/16,145520,600
T320,C8340771,13/9/89,F,BANGALORE,9643.67,21/10/16,164545,550
T321,C7412163,17/10/86,M,MUMBAI,43114.86,21/10/16,155721,2299
T322,C7077319,30/5/85,M,MOHALI,176012.36,21/10/16,154615,222
T323,C5113983,26/8/96,M,SONIPAT,10498.91,21/10/16,155125,2249
T324,C1842088,31/12/86,F,MUMBAI,179659.4,21/10/16,154626,999
T325,C5115757,29/5/75,M,BANGALORE,541701.53,21/10/16,154305,1512.75
T326,C2025386,1/1/1800,M,PANCHKULA,161886.6,21/10/16,152051,500
T327,C2831424,29/8/84,M,THANE,21700.36,21/10/16,170329,145
T328,C5141914,5/1/1981,F,NEW DELHI,9372.35,21/10/16,161539,343
T329,C6842357,29/10/81,F,MUMBAI,55878.83,21/10/16,150852,6129
T330,C8732168,21/2/90,M,GUWAHATI,32.83,21/10/16,150854,50
T331,C8028147,16/8/90,M,DEWAS,9.68,21/10/16,203458,100
T332,C4928385,20/11/96,M,MANGALORE,42734.8,21/10/16,203650,465
T333,C8019992,3/2/1981,M,MUMBAI,22.81,21/10/16,200951,200
T334,C1199845,7/7/1976,M,NOIDA,111181.72,21/10/16,200859,2821
T335,C4514125,13/2/78,M,NEW DELHI,11162.85,21/10/16,201306,50
T336,C3540268,18/3/84,M,MUMBAI,42160.52,21/10/16,201319,800
T337,C2112770,14/12/80,M,AMBALA CANTT,624345.66,21/10/16,201319,1378
T338,C4741192,13/8/81,M,HYDERABAD,645317.85,21/10/16,193629,6458
T339,C7622921,6/7/1990,M,BILASPUR,88207.21,21/10/16,193629,211
T340,C1230589,18/6/86,M,RAI SONEPAT,6826.87,21/10/16,193630,232
T341,C2842136,30/6/88,M,DELHI,13630.73,21/10/16,214928,216
T342,C5484469,13/4/92,M,JAUNPUR,2643.71,21/10/16,203231,200
T343,C6537226,15/10/88,F,BANGALORE,54843.8,21/10/16,214925,75
T344,C2715020,7/7/1991,F,THANE,30858.02,21/10/16,214839,300
T345,C7719580,12/1/1986,F,AMRITSAR,6752.89,21/10/16,214752,50
T346,C7621040,16/6/90,M,NOIDA,3274.6,21/10/16,215514,21
T347,C2640757,16/7/91,M,BANGALORE,5767.88,21/10/16,202103,28
T348,C6038224,8/10/1976,F,BANGALORE,53306.02,21/10/16,202104,5000
T349,C1531843,22/9/92,M,RANGA REDDY,3842.82,21/10/16,193410,250
T350,C6840862,24/12/88,F,HEADQUARTERS NAVI MUMBAI,18838.81,21/10/16,200018,1200
T351,C7818719,3/3/1992,M,BADDI,18381.01,21/10/16,193012,100
T352,C6918613,7/3/1991,M,SRIPERUMBUDUR,1559.32,21/10/16,192358,2600
T353,C6097555,28/1/91,F,NAINITAL,138784.88,21/10/16,215153,750
T354,C6514450,7/6/1985,F,AURANGABAD,103118.04,21/10/16,215155,498
T355,C9013087,13/8/79,M,GURGAON,92594.19,21/10/16,204054,337
T356,C3394923,21/6/71,M,PUNE,30450.9,21/10/16,201715,2000
T357,C6330647,28/5/97,M,DELHI,20697.68,21/10/16,205116,285
T358,C8232987,19/7/85,F,FATEHABAD,254.5,21/10/16,212725,96
T359,C2617558,1/11/1988,M,BANGALORE,28233.63,21/10/16,214945,275
T360,C4036642,30/1/90,F,GURGAON,23163.29,21/10/16,214946,652
T361,C9032313,28/11/93,F,GURGAON,112819.01,21/10/16,203956,1168
T362,C3634380,7/5/1979,M,DEWAS,27961.15,21/10/16,212540,1483.16
T363,C4221454,1/7/1987,M,BERHAMPUR,85674.55,21/10/16,202435,644.3
T364,C4423943,23/9/85,M,PUNE,84084.13,21/10/16,202437,2605
T365,C8839356,24/2/72,M,KOLKATA,32286.34,21/10/16,195424,1984
T366,C7038486,6/9/1970,M,KOLKATA,7342.23,21/10/16,203220,2187
T367,C6784890,10/5/1971,M,NOIDA,1441016.64,21/10/16,203410,60000
T368,C6386783,12/1/1994,F,FARIDABAD,949.11,21/10/16,192707,337.34
T369,C3714185,31/1/79,M,NAGPUR,98395.61,21/10/16,204829,4592
T370,C6264271,16/1/92,M,DEHRADUN,57385.53,21/10/16,205041,28
T371,C5430731,4/12/1989,F,MEERUT,15997.41,21/10/16,215045,100
T372,C4930849,8/10/1986,F,LUCKNOW,8394.17,21/10/16,215045,103
T373,C8641980,15/4/80,M,PUNE,57048.4,21/10/16,205012,3000
T374,C4222235,1/1/1800,F,STATION BANGALORE,60126.99,21/10/16,205826,1048
T375,C2014613,17/4/86,M,DELHI,18181.91,21/10/16,205708,708
T376,C7534876,18/10/94,F,DELHI,28941.17,21/10/16,202549,990
T377,C7731530,23/2/91,M,MUMBAI,43272.64,21/10/16,210039,219
T378,C6840345,14/12/94,M,BANGALORE NORTH,8451.61,21/10/16,210123,2300
T379,C7120864,12/8/1990,M,BANGALORE,14377.54,21/10/16,210129,2000
T380,C3160615,8/8/1991,F,BOKARO,99466.74,21/10/16,200135,350
T381,C7510323,6/8/1992,M,IRAGAVARAM,161.13,21/10/16,200006,51
T382,C5539028,7/7/1990,M,LUCKNOW,9457.5,21/10/16,211831,200
T383,C2523832,28/5/86,M,SOLAPUR,29650.64,21/10/16,212007,230
T384,C3423268,25/12/88,F,THANE,3647.29,21/10/16,201606,563.5
T385,C6117158,25/9/89,M,BANGALORE,128.84,21/10/16,74817,0
T386,C8625213,8/9/1993,M,CHENNAI,4115.34,21/10/16,201828,510
T387,C7032258,27/9/95,F,BANGALORE,16390.37,21/10/16,201548,644
T388,C7337245,1/1/1800,M,FARIDABAD,24299.04,21/10/16,201351,388
T389,C3813163,25/3/92,F,UDUPI,2717.23,21/10/16,204132,13259
T390,C8437679,19/6/76,F,VADODARA,3805.21,21/10/16,205116,210
T391,C4417679,19/1/21,M,NEW DELHI,1125922.25,21/10/16,202654,4570
T392,C5622325,23/10/91,M,PUNE,172.91,21/10/16,203049,237
T393,C4236661,10/11/1989,M,GURGAON,166521.05,21/10/16,203054,240
T394,C5935385,22/10/80,M,CHENNAI,32651.06,21/10/16,203054,300
T395,C6784159,1/1/1800,M,DEHRADUN,29316.59,21/10/16,193059,519
T396,C2968718,21/8/97,M,FIROZABAD,19152.89,21/10/16,192922,1499
T397,C7716767,11/3/1988,F,NEW DELHI,2749.41,21/10/16,195641,260
T398,C3541422,23/5/85,M,NASHIK,21444,21/10/16,221108,594.56
T399,C8229882,31/1/84,M,GHAZIABAD,9244.59,21/10/16,221108,100
T400,C3938071,23/12/86,M,BANGALORE,41197.54,21/10/16,215836,683
T401,C8628733,4/11/1988,F,MUMBAI,77624.68,21/10/16,205234,1221
T402,C3912274,7/7/1954,F,BHUJ,353229.25,21/10/16,205455,395
T403,C2110459,2/5/1991,M,NAVI MUMBAI,30076.34,21/10/16,210032,506
T404,C4139017,4/3/1989,F,FARIDABAD,7169.16,21/10/16,202509,650
T405,C2811565,18/11/75,M,CHENNAI,1266244.71,21/10/16,201228,148
T406,C8126492,11/3/1995,M,PUNE,2009.98,21/10/16,201415,1354
T407,C3156985,19/5/91,M,JHAJJAR,7666.47,21/10/16,213649,80
T408,C5213349,29/4/95,F,PUNE,1376.97,21/10/16,213651,397
T409,C3667192,31/8/97,M,DELHI,5335.89,21/10/16,213652,50
T410,C2837481,8/8/1965,M,GHAZIABAD,273790.97,21/10/16,214614,171
T411,C7817535,1/11/1988,M,BANGALORE,28233.63,21/10/16,214910,275
T412,C4115961,2/3/1995,M,ROHTAK,43575.38,21/10/16,212052,875
T413,C2950158,5/10/1972,M,NAVIMUMBAI,242579.54,21/10/16,212603,2000.19
T414,C5537445,8/2/1985,M,NEW DELHI,19960.44,21/10/16,205731,99
T415,C4213285,8/11/1982,M,PUNE,22167.76,21/10/16,195533,452
T416,C7630140,17/12/79,M,SURAT,26374.46,21/10/16,195554,9075
T417,C2914823,14/5/91,M,DELHI,11138.19,21/10/16,195708,200
T418,C4537121,17/10/92,F,NOIDA,32968.38,21/10/16,102758,205
T419,C6437872,22/8/86,M,DELHI,45069.57,21/10/16,195758,490
T420,C1114311,1/1/1800,M,CHENNAI,899.41,21/10/16,215217,320
T421,C3840965,12/2/1987,M,AHMEDABAD,38257.19,21/10/16,202822,2696
T422,C6217716,13/5/86,M,FARIDABAD,3216.94,21/10/16,202019,580
T423,C5114674,6/3/1992,M,NOIDA,24563.99,21/10/16,202211,261
T424,C1232924,19/12/85,M,NAVI MUMBAI,29131.45,21/10/16,212805,466
T425,C2314214,2/2/1990,M,ARAKKONAM,3788.48,21/10/16,212806,300
T426,C7138564,25/3/92,M,BANGALORE,12813.03,21/10/16,212807,197
T427,C7828347,12/11/1988,M,VISAKHAPATNAM,15715.27,21/10/16,213032,754
T428,C8210270,23/12/84,F,PUNE,294839.25,21/10/16,200908,2295
T429,C1899643,9/6/1978,F,NELLORE,103551.87,21/10/16,200908,1456.5
T430,C3713674,8/6/1982,M,MUMBAI,18235.62,21/10/16,200900,402
T431,C8617711,14/7/90,M,RAIGAD,51579.97,21/10/16,214033,397
T432,C3821883,13/2/89,F,BANGALORE,23063.11,21/10/16,214047,100
T433,C3818064,26/5/94,M,NIZAMABAD,8365.12,21/10/16,213106,240
T434,C1527066,13/2/86,M,NOIDA,241794.04,21/10/16,205030,485
T435,C7799665,14/4/92,M,MUMBAI,134.54,21/10/16,204953,520
T436,C6023875,28/4/81,M,AHMEDNAGAR,1305.9,21/10/16,205320,270
T437,C4632060,14/10/95,F,MUMBAI,4191.96,21/10/16,204552,435
T438,C3720836,24/8/86,M,FARIDABAD,2048.45,21/10/16,202540,1000
T439,C8722855,1/5/1994,M,DELHI,829.83,21/10/16,201315,130
T440,C5335359,4/8/1992,M,THANE,14992.08,21/10/16,214300,515
T441,C1895453,1/1/1985,M,NEW DELHI,13719.24,21/10/16,214552,100
T442,C8029671,4/2/1975,M,THANE,8249.92,21/10/16,203004,1845
T443,C5474181,9/7/1996,M,DELHI,9153.16,21/10/16,203008,187
T444,C8030530,21/6/87,F,VADODARA,12659.59,21/10/16,214348,10050
T445,C8938911,19/9/84,M,MUMBAI,42870.63,21/10/16,210007,708.05
T446,C5429457,4/6/1992,M,MUMBAI,2399.78,21/10/16,205917,100
T447,C5328937,30/6/77,M,MUMBAI,634660.99,21/10/16,205749,815
T448,C4432927,26/8/81,M,BANGALORE,2275.18,21/10/16,205725,1742
T449,C6441590,8/9/1984,M,NOIDA,59092.52,21/10/16,210606,450
T450,C1797182,24/6/90,M,GURGAON,22307.41,21/10/16,202423,98
T451,C5511248,8/9/1992,M,SILIGURI,11596.26,21/10/16,215344,88.93
T452,C7217166,19/2/85,M,MANGALORE,41989.1,21/10/16,212244,240
T453,C8712373,6/3/1988,M,AMRITSAR,32785.84,21/10/16,202222,1156
T454,C6483027,22/7/91,F,TIRUVALLUR,98044.88,21/10/16,210124,827.5
T455,C2612542,19/1/86,M,SIVASAGAR,75587.62,21/10/16,204859,50
T456,C1225647,27/1/87,F,BANGALORE,15959.46,21/10/16,204900,269
T457,C5826167,10/7/1987,M,NANDED,1050.69,21/10/16,205102,200
T458,C2528724,4/4/1991,M,BANGALORE,2918.25,21/10/16,205104,323
T459,C1727311,10/6/1969,M,AURANGABAD,25416.56,21/10/16,204948,150
T460,C5614421,1/1/1800,M,CHENNAI,27021.05,21/10/16,204808,1396
T461,C3342749,15/11/82,M,NEW DELHI,421792.18,21/10/16,205119,919
T462,C8264621,28/7/77,F,AHMEDABAD,14132.92,21/10/16,201527,732
T463,C7521013,12/4/1981,M,MUMBAI,11313.61,21/10/16,194913,276
T464,C4773979,5/7/1984,M,BANGALORE,15260.46,21/10/16,193850,250
T465,C3928354,14/10/81,M,AHMEDABAD,95544.02,21/10/16,193853,1590
T466,C1425515,13/3/90,M,MUMBAI,44439.74,21/10/16,194045,830.37
T467,C1617685,1/1/1800,M,CHANDIGARH,3087.42,21/10/16,194731,799.01
T468,C7612544,20/1/87,M,BANGALORE,3835.87,21/10/16,214857,920
T469,C4394558,5/5/1977,F,MUMBAI,92844.7,21/10/16,214951,850
T470,C3436881,15/10/74,F,VIRAR,3881.45,21/10/16,214956,620
T471,C8327525,1/5/1990,M,DELHI,19807.16,21/10/16,214955,187
T472,C7114189,24/8/85,M,MUMBAI,39227.48,21/10/16,214956,616
T473,C5252118,18/2/89,F,KANPUR,96276.9,21/10/16,215108,500
T474,C7829873,11/6/1995,F,MUMBAI,21307.15,21/10/16,204649,1250
T475,C2431087,6/4/1991,F,MUMBAI,5476.53,21/10/16,203614,162
T476,C4933226,17/1/82,F,HOOGHLY,310.7,21/10/16,203747,1000
T477,C5934331,1/5/1981,M,THIRUVALLUR,420379.48,21/10/16,205443,147
T478,C4340982,21/8/79,F,MUMBAI,10087.29,21/10/16,214911,252
T479,C2335765,2/12/1986,M,BENGALURU,10616.71,21/10/16,214911,259.59
T480,C7938756,28/5/88,F,BANGALORE,1057.77,21/10/16,215012,790.72
T481,C3724211,15/3/91,F,GARDEN CHOWK PIMPLE SAUDAGAR PUNE,17535.04,21/10/16,220739,110
T482,C7014439,22/7/89,M,PANIPAT,100.65,21/10/16,220928,200
T483,C8974331,2/12/1986,M,ALWAR,1340.03,21/10/16,215020,568
T484,C5520971,22/6/87,M,RAIPUR,6988.14,21/10/16,215136,259
T485,C6082523,1/1/1800,M,CHENNAI,1083916.5,21/10/16,215145,192
T486,C8013820,12/7/2004,F,CHENNAI,6661.03,21/10/16,215149,110
T487,C1318582,1/7/1983,M,NEW DELHI,9252.2,21/10/16,205447,200
T488,C6853171,26/12/88,M,GURGAON,10794.98,21/10/16,202425,92
T489,C2821032,12/10/1990,M,CHENNAI,9007.33,21/10/16,221100,775
T490,C8540990,5/10/1986,M,KHERLI,67084.47,21/10/16,221107,1047
T491,C2027064,5/6/1978,M,JAMMU,647135.07,21/10/16,170147,19.84
T492,C1523527,18/5/93,F,GUNTUR,2501.15,21/10/16,205128,30
T493,C6034079,24/11/43,M,GURGAON,47483.12,21/10/16,205128,10000
T494,C6440730,16/7/91,M,BANGALORE,5767.88,21/10/16,202541,75
T495,C6392547,12/5/1982,M,MADURAI,12658.58,21/10/16,202942,5000
T496,C2637556,16/7/70,F,ON KALYAN ROAD NAVI MUMBAI,98203.35,21/10/16,213531,250
T497,C4925560,15/2/80,M,MOHALI,18.38,21/10/16,213533,184
T498,C4214976,18/10/87,M,AHMEDABAD,11778.81,21/10/16,214104,200
T499,C5265862,20/6/91,M,NOIDA,7811.65,21/10/16,201327,459
T500,C1223051,4/1/1989,F,GURGAON,297.49,21/10/16,201512,500
T501,C6028923,30/8/79,F,MUMBAI,52408.18,21/10/16,201657,2248
T502,C2519987,14/8/95,F,DELHI,4559.27,21/10/16,201705,655
T503,C8023317,6/3/1989,M,KALYANI NAGAR PUNE,9230.77,21/10/16,201848,120
T504,C3373914,16/10/84,F,NAVI MUMBAI,10577.72,21/10/16,215217,1045
T505,C2419958,14/6/82,M,RAIPUR,4966.59,21/10/16,215217,25
T506,C3015379,31/5/85,M,MUMBAI,126023.26,21/10/16,215331,1990
T507,C4147629,13/1/68,F,GURGAON,38457.11,21/10/16,215335,526
T508,C3830864,25/5/87,M,IDUKKI,134.18,21/10/16,212736,240
T509,C7330163,2/2/1990,M,DELHI,30774.49,21/10/16,214124,730
T510,C2422018,7/10/1989,M,NEW DELHI,33333.34,21/10/16,202424,276
T511,C7532313,15/11/84,M,PUNE,25756.82,21/10/16,202310,1500
T512,C2322689,20/6/87,M,CHENNAI,25927.38,21/10/16,210109,13008
T513,C2328547,10/1/1994,M,RAIPUR,9929.14,21/10/16,214125,287.28
T514,C2429954,18/12/90,M,BANGALORE,47016,21/10/16,214132,845
T515,C1572178,18/11/91,M,GURGAON,54587.99,21/10/16,214425,228
T516,C2315925,10/7/1990,F,DELHI,18142.33,21/10/16,214427,34
T517,C3211482,16/6/93,M,THOOTHUKUDI,397.97,21/10/16,221313,50
T518,C8240264,14/12/78,M,NEW DELHI,22686.03,21/10/16,205743,450
T519,C5818075,15/2/86,M,DELHI,44145.13,21/10/16,214918,1506
T520,C4718983,13/4/94,M,TALEGAON DABHADE,34897.03,21/10/16,215258,140
T521,C6616326,10/1/1997,M,LUCKNOW,14858.06,21/10/16,172259,12.87
T522,C7714469,1/1/1800,M,CHENNAI,27021.05,21/10/16,205310,1200
T523,C5419726,18/10/90,F,BHILAI I,9923.12,21/10/16,205123,100
T524,C2418783,27/12/86,F,DELHI,12868.45,21/10/16,203815,484
T525,C5832489,20/1/98,M,NEW DELHI,166.83,21/10/16,204025,160
T526,C5072857,1/1/1800,M,NEW DELHI,3053688.58,21/10/16,204225,1088
T527,C5122937,11/7/1989,M,KANPUR NAGAR,1608.91,21/10/16,204237,70
T528,C1989339,8/7/1985,F,PANVEL,386.27,21/10/16,204238,1884
T529,C8811225,11/7/1989,M,KALYANI NAGAR PUNE,351.28,21/10/16,193719,3150
T530,C5296375,1/1/1800,F,MUMBAI,59205.18,21/10/16,203626,1795
T531,C2857030,1/1/1800,F,JAIPUR,300634.98,21/10/16,193910,9960
T532,C9016635,16/9/80,F,CHENNAI,447165.79,21/10/16,194106,1610
T533,C7937977,4/12/1988,M,FARIDABAD,11438.82,21/10/16,214910,780
T534,C5612683,6/3/1980,M,BANGALORE,32417.7,21/10/16,215008,261
T535,C9042919,17/7/77,M,GURGAON,3551,21/10/16,220427,200
T536,C8393123,15/1/72,F,KHARSWAN JAMSHEDPUR,14500.31,21/10/16,123430,15
T537,C1325265,24/3/78,M,MUMBAI,669628.11,21/10/16,215312,210
T538,C2810471,4/6/1988,M,NOIDA,38570.47,21/10/16,203736,500
T539,C6912619,11/5/1990,M,JAMSHEDPUR,49019.49,21/10/16,203828,512.99
T540,C5741118,9/7/1987,M,SANGLI,203711.21,21/10/16,203730,1792
T541,C3536544,10/11/1988,M,MUMBAI,139160.66,21/10/16,201132,130
T542,C1638314,9/5/1976,M,INDORE,422.26,21/10/16,205352,2031.51
T543,C1842235,7/7/1988,M,DELHI,662.21,21/10/16,212127,258
T544,C4136213,27/6/90,M,COLONY RANGAREDDI HYDERABAD,26390.69,21/10/16,212131,333
T545,C7030625,17/5/88,M,BANGALORE,21667.38,21/10/16,213545,170
T546,C1539067,1/1/1800,M,DELHI,12831.13,21/10/16,220804,180
T547,C7872145,6/4/1986,M,MUMBAI,19643.65,21/10/16,202329,380
T548,C7999240,2/11/1991,F,NEW DELHI,13144.9,21/10/16,202427,1316
T549,C2060082,16/5/76,M,CHENNAI,43317.36,21/10/16,202427,2268
T550,C6325664,13/4/88,F,ANDHERI W MUMBAI,23207.49,21/10/16,204428,1355
T551,C1821816,15/5/91,M,BANGALORE,9890.44,21/10/16,204621,359
T552,C8686624,17/1/92,F,ULHASNAGAR-1 THANE,19291.42,21/10/16,204829,30
T553,C6733450,12/6/1982,M,BANGALORE,62638.5,21/10/16,202230,298
T554,C7023858,26/4/75,F,NOIDA,769951.62,21/10/16,201138,17000
T555,C6835078,30/5/88,F,IDUKKI,2759.06,21/10/16,212801,23
T556,C4036863,18/3/88,M,GURGAON,18706.74,21/10/16,212803,1217
T557,C8613544,1/1/1800,M,TIRUPATI,62914.77,21/10/16,212130,394
T558,C6631437,8/1/1989,M,WARANGAL,11614.1,21/10/16,202054,50000
T559,C1137841,25/2/80,M,NEW DELHI,0.07,21/10/16,201028,380
T560,C7626891,14/12/92,F,SANGALI,4392.57,21/10/16,201028,10
T561,C6291290,29/7/79,F,BANGALORE,60104.75,21/10/16,214414,7200
T562,C3522028,24/7/90,M,HYDERABAD,11349.54,21/10/16,214945,849
T563,C6316191,12/12/1980,M,NOIDA,677018.63,21/10/16,212410,197
T564,C3520148,26/8/92,F,BANGALORE,5566.9,21/10/16,212413,127
T565,C4117090,29/1/74,M,MUMBAI,17139.61,21/10/16,213032,2500.6
T566,C2099178,2/3/1987,M,THANE,28196.26,21/10/16,195758,160
T567,C3615151,25/4/89,F,GUWAHATI,4478.63,21/10/16,201720,660
T568,C6135027,8/11/1988,M,MAHBOOBNAGAR,2360.09,21/10/16,194833,308.15
T569,C7727880,7/5/1986,M,JAIPUR,5329.47,21/10/16,215001,20
T570,C8765132,13/3/78,M,DELHI,12831.55,21/10/16,213414,285
T571,C3023813,10/12/1987,M,NEW DELHI,24710.51,21/10/16,213947,1475
T572,C4033248,23/8/90,M,VADODARA,50003.39,21/10/16,202214,1364.2
T573,C2926251,4/9/1990,F,AGRA,17378,21/10/16,201143,1622
T574,C5933767,24/9/80,F,AGRA,16177.44,21/10/16,201333,2365
T575,C7719366,1/1/1800,M,NEW DELHI,137781.27,21/10/16,215339,147
T576,C4111225,20/6/91,M,JAIPUR,24876.86,21/10/16,221546,362
T577,C5920733,5/5/1991,F,PUNE,12630.24,21/10/16,221657,50
T578,C5727049,1/4/1981,M,DELHI,31121.47,21/10/16,221703,349
T579,C7732922,17/5/68,M,NEW DELHI,2916683.97,21/10/16,221816,6199
T580,C7259665,26/8/85,F,INDORE,57223.95,21/10/16,221832,603
T581,C3310819,15/3/90,M,MUMBAI,43555.05,21/10/16,221949,750
T582,C5542783,4/4/1981,M,NAGPUR,65996.33,21/10/16,213352,1708
T583,C5146066,2/9/1951,M,AMBALA,407051.95,21/10/16,213631,790
T584,C2912259,18/5/83,M,ROORKEE,436243.84,21/10/16,213635,239.8
T585,C5530114,21/8/83,F,NEW DELHI,368504.91,21/10/16,214921,1450
T586,C3812526,29/11/90,M,BEHIND EXCOM HOUSE MUMBAI,27806.66,21/10/16,204812,253
T587,C3613326,12/8/1994,M,DELHI,100336.79,21/10/16,202939,1000
T588,C8716458,18/12/78,M,NEW DELHI,486804.15,21/10/16,203257,1500
T589,C1620690,14/4/79,F,CHENNAI,10096.04,21/10/16,194939,300
T590,C5224187,25/12/92,M,NASHIK,696.66,21/10/16,195259,100
T591,C8419055,1/1/1800,M,CHENNAI,19314.61,21/10/16,195427,460
T592,C8774171,10/11/1994,F,KARNAL,4622.3,21/10/16,201541,20
T593,C3823813,14/6/81,F,GURGAON,452702.93,21/10/16,202411,25
T594,C5815025,5/12/1986,M,JAIPUR,16275.48,21/10/16,213954,3600
T595,C4731576,6/3/1996,M,BANGALORE,55670.65,21/10/16,213149,1225
T596,C3596978,8/11/1993,M,GURGAON,9142.87,21/10/16,204414,100
T597,C5524315,26/8/95,M,KANPUR,39799.66,21/10/16,214712,22
T598,C6421261,9/12/1987,M,INDORE,8446.57,21/10/16,212240,5555
T599,C4834786,22/4/92,M,BANGALORE,1811.03,21/10/16,162207,50
T600,C3123128,5/9/1985,M,BANGALORE,13886.47,21/10/16,194304,2000
T601,C4026042,19/12/78,F,ROPAR,299840.26,21/10/16,210805,100
T602,C1798829,30/9/92,M,DELHI,7.18,21/10/16,211041,540
T603,C8439888,2/12/1985,M,ALIGARH,6176.77,21/10/16,203800,26
T604,C7217523,18/1/84,M,RAJKOT,260955.27,21/10/16,204002,121.67
T605,C1240911,10/2/1993,M,BANGALORE,1631.51,21/10/16,221601,126.07
T606,C4338118,27/8/92,M,NOIDA,17243.17,21/10/16,221035,250
T607,C6858828,10/6/1990,M,NEW DELHI,92316.6,21/10/16,213114,143
T608,C4752865,19/7/88,M,KOLLAM,149188.54,21/10/16,213119,186
T609,C8314956,4/5/1990,M,BOKARO,19967.63,21/10/16,212856,485
T610,C2214119,31/1/79,M,NAGPUR,98395.61,21/10/16,212906,600
T611,C3823457,19/7/81,M,MUMBAI,29273.29,21/10/16,213513,350.31
T612,C5547045,5/9/1986,M,ANDHERI WEST MUMBAI,143892.55,21/10/16,202015,60
T613,C1621631,26/5/82,M,SION (E) MUMBAI,315346.9,21/10/16,222921,1695
T614,C1284053,4/12/1977,F,NEW DELHI,292159.14,21/10/16,213535,108
T615,C4671617,28/3/89,M,ROORKEE HARIDWAR,4418.57,21/10/16,213719,340
T616,C3041042,16/11/60,M,TRIVANDRUM,31.12,21/10/16,213224,606.9
T617,C4822239,12/4/1993,M,CUTTACK,526.84,21/10/16,205433,100
T618,C5516884,16/5/83,M,PALGHAR,111071.61,21/10/16,204703,202
T619,C4833337,15/1/91,M,BANGALORE,2517.66,21/10/16,194727,500
T620,C3780212,2/7/1980,M,HYDERABAD,1341.12,21/10/16,213125,2345
T621,C7314039,1/1/1800,M,JAIPUR,82.94,21/10/16,211858,699
T622,C2810414,4/8/1976,M,NEW DELHI,9643.97,21/10/16,211858,500
T623,C6819784,1/1/1800,M,DELHI,20000.29,21/10/16,211859,1200
T624,C7197559,22/12/94,M,GANJAM,5635.18,21/10/16,200433,798
T625,C1120687,5/6/1976,M,THANJAVUR,107406.89,21/10/16,200435,2415
T626,C7127221,30/11/91,F,GADAG,14817.46,21/10/16,203030,195
T627,C2336744,19/1/87,M,DELHI,8559.68,21/10/16,203447,840
T628,C2913878,10/8/1993,F,BANGALORE,12073.25,21/10/16,202605,1205
T629,C8916922,19/10/83,M,MUMBAI,4347.18,21/10/16,202607,844
T630,C3370168,13/10/94,M,VIRUDHUNAGAR,8044.39,21/10/16,222936,260
T631,C1239292,6/7/1987,M,CHANDIGARH,1839.82,21/10/16,223201,100
T632,C8712346,5/1/1987,M,NORTH 24 PARGANAS,13027.49,21/10/16,223452,42
T633,C1920030,25/5/90,M,CHENNAI,31468.91,21/10/16,223720,229
T634,C1631387,8/4/1990,M,NEW DELHI,4228.37,21/10/16,223722,5
T635,C6020515,31/3/75,M,NEW DELHI,571075.98,21/10/16,224047,2188.25
T636,C3795014,21/1/86,M,BANGALORE,11393.7,21/10/16,224322,578.4
T637,C8621553,26/5/86,M,KANNAD,93654.64,21/10/16,200622,2990
T638,C1250563,1/1/1800,F,ALWAR,11255.27,21/10/16,194523,1119.2
T639,C2838379,26/5/78,M,VELLORE,1907.42,21/10/16,215834,1290
T640,C5922587,22/2/80,F,GURGAON,1307115.42,21/10/16,173400,108.39
T641,C4625745,8/7/1992,M,SION (E) MUMBAI,27594.57,21/10/16,220459,200
T642,C7021283,9/4/1994,M,ARIYALUR DISTRICT,11717.07,21/10/16,220459,100
T643,C4429392,20/7/80,F,MUMBAI,5993.42,21/10/16,212848,1180
T644,C7014487,14/11/90,F,RANGA REDDY,35534.79,21/10/16,212849,30
T645,C5416434,1/1/1992,M,HATHRAS,5783.92,21/10/16,201914,30
T646,C1033733,1/7/1987,M,VARANASI,168442.09,21/10/16,201156,395
T647,C4986071,29/1/85,M,CHENNAI,64716.2,21/10/16,194735,850
T648,C8513285,24/5/82,M,THANE,8579.95,21/10/16,213126,1731
T649,C1442137,20/5/87,F,MUMBAI,21750.29,21/10/16,214159,400
T650,C5515081,6/3/1983,M,PUNE,24691.34,21/10/16,204028,1800
T651,C2922052,9/7/1994,M,MUMBAI,447511.35,21/10/16,204229,300
T652,C7819454,22/5/91,M,SILIGURI,3574.85,21/10/16,194824,50
T653,C5734570,1/10/1982,F,DELHI,28786.32,21/10/16,194914,620
T654,C5040268,18/8/91,F,NAVI MUMBAI,24754.28,21/10/16,220610,1625
T655,C3622138,20/3/96,M,CARANZALEM,6302.22,21/10/16,220911,170
T656,C1329868,3/7/1990,M,GURGAON,280237.87,21/10/16,220635,300
T657,C1733171,6/10/1990,M,BANGALORE,16735.91,21/10/16,220947,200
T658,C1622576,23/5/88,M,NEW DELHI,79291.13,21/10/16,221255,255
T659,C5520512,31/3/93,M,VADODARA,39.62,21/10/16,223936,200
T660,C6179375,30/10/84,M,PATIALA,123036.55,21/10/16,203641,3150
T661,C4940752,1/12/1991,M,THANE,886.74,21/10/16,204547,24
T662,C5512786,24/11/89,F,MUMBAI,539.83,21/10/16,195706,717
T663,C7427486,25/6/90,M,DELHI,8818.79,21/10/16,220257,2000
T664,C1189836,28/12/76,M,AHMEDABAD,0,21/10/16,204450,13259.48
T665,C2765886,7/8/1973,M,MUMBAI,187917.22,21/10/16,204453,570
T666,C2410073,31/8/93,F,HYDERABAD,2465.7,21/10/16,204524,268
T667,C4928285,25/11/92,F,NEW DELHI,40220.89,21/10/16,205205,600
T668,C7142551,8/8/1989,M,GHAZIABAD,9144.66,21/10/16,194833,5349
T669,C1823447,1/1/1800,M,BANGALORE,6845.26,21/10/16,194131,30
T670,C8714375,28/5/85,M,MUMBAI,9875.27,21/10/16,221422,4898
T671,C6214060,2/7/1983,M,DELHI,11129.21,21/10/16,224709,150
T672,C5311338,10/6/1990,M,KRISHNAGIRI,11179.25,21/10/16,212833,411
T673,C2424214,5/6/1976,M,KANPUR,33547.49,21/10/16,213117,100.85
T674,C2421359,5/10/1987,M,DUBAI,141686.3,21/10/16,212013,353
T675,C7714250,1/1/1800,M,SAHARANPUR,525000,21/10/16,204643,7600
T676,C8816330,2/10/1982,M,THANE,13504.55,21/10/16,194510,340
T677,C2733313,28/7/93,F,GURGAON,7087.18,21/10/16,194516,318
T678,C7823160,14/10/83,M,NOIDA,907860.31,21/10/16,194757,426
T679,C1738788,2/6/1971,M,BENGALURU,67582.99,21/10/16,194757,4000.21
T680,C8339146,7/10/1981,M,MUMBAI,91348.86,21/10/16,221628,410
T681,C2838757,24/11/92,M,MUMBAI,62661.12,21/10/16,212940,1904
T682,C1813747,12/12/1970,M,JHAJJAR,8349.68,21/10/16,213046,186
T683,C4435232,4/6/1990,F,GURGAON,7713.36,21/10/16,213234,263
T684,C5937662,16/9/89,M,AURANGABAD,41836.46,21/10/16,195241,1300
T685,C4719865,2/5/1970,M,BANGALORE,720060.35,21/10/16,194800,2000
T686,C2939112,18/4/91,M,SAS NAGAR,6446.24,21/10/16,222511,321
T687,C7112132,7/6/1992,F,THANE,68194.71,21/10/16,195739,1200
T688,C3218136,6/6/1977,M,NEW DELHI,33629.74,21/10/16,195740,1320
T689,C8925657,16/5/90,M,SURATGARH,16221.29,21/10/16,195924,959
T690,C5132826,25/3/86,F,NEW DELHI,33734.43,21/10/16,215905,2227
T691,C3629920,3/8/1956,M,VISAKHAPATANAM,7770.27,21/10/16,193922,280
T692,C7213132,26/1/92,M,JAYANAGAR BANGALORE,16922.99,21/10/16,194305,250
T693,C6993164,21/5/75,M,MUMBAI,1473749.77,21/10/16,194308,209
T694,C6724814,13/2/90,M,HYDERABAD,6211.61,21/10/16,215624,177
T695,C6736389,21/10/85,M,NAVI MUMBAI,6037.2,21/10/16,221142,2060
T696,C7320989,7/4/1988,M,BENGALURU,3040.43,21/10/16,211628,295
T697,C1221915,17/4/92,F,NAVI MUMBAI,2808.51,21/10/16,201208,1540
T698,C7029037,3/10/1990,M,BANGALORE,18837.33,21/10/16,203427,30
T699,C1028625,1/5/1988,M,MUMBAI,61244.37,21/10/16,194003,72
T700,C7536216,8/3/1992,F,PERAMBALUR,3113.28,21/10/16,212640,1212.6
T701,C7528429,20/12/91,M,NOIDA,13099.68,21/10/16,212959,100
T702,C3850992,1/3/1994,M,ROURKELA,38058.83,21/10/16,213012,4330
T703,C3422515,11/9/1982,F,NOIDA,103023.35,21/10/16,200133,440
T704,C1442661,26/9/76,M,MUMBAI,7955.08,21/10/16,200134,1633.15
T705,C7436623,10/11/1989,M,GURGAON,166521.05,21/10/16,195708,240
T706,C2292425,12/10/1992,F,BANGALORE,27532.79,21/10/16,200514,849
T707,C8116647,1/1/1800,M,SAMRUDHDHI BHAVAN RAJKOT,37956.24,21/10/16,205150,500
T708,C6626078,12/3/1990,F,BANGALORE,37844.28,21/10/16,195024,496
T709,C6834271,11/4/1986,M,GUNTUR DIST,3259.99,21/10/16,193919,122
T710,C2541746,19/1/85,M,NOIDA,472641.36,21/10/16,193927,1630
T711,C3714911,18/8/87,M,NASHIK,107.42,21/10/16,222507,530
T712,C1484482,13/4/92,M,JAUNPUR,2643.71,21/10/16,212707,135
T713,C4327789,26/1/82,M,MUMBAI,200517.6,21/10/16,212040,1264
T714,C2825813,21/12/86,M,DELHI,13807.28,21/10/16,212051,3597
T715,C8842071,13/10/98,M,CUDDALORE,2566.47,21/10/16,212054,11
T716,C5235918,1/1/1992,M,GURGAON,4370.67,21/10/16,212059,1004
T717,C1727973,7/1/1987,M,RANCHI,31450.41,21/10/16,202912,310
T718,C6580983,9/5/1987,M,NEW DELHI,4331.24,21/10/16,223913,190
T719,C5141527,27/11/53,M,COIMBATORE,2140.87,21/10/16,224146,80
T720,C4317475,24/6/94,M,KHARDAH,2875.21,21/10/16,223000,10
T721,C8510070,1/1/1800,F,AURANGABAD,36492.35,21/10/16,223438,5500
T722,C7031171,18/1/87,M,NOIDA,14105.23,21/10/16,212022,900
T723,C3636745,2/6/1987,M,DISTT PUNE,14081.51,21/10/16,212032,70
T724,C4022457,6/9/1990,M,BANGALORE,3544.26,21/10/16,194116,450
T725,C2632726,24/5/90,M,NEW DELHI,160380.24,21/10/16,193801,765
T726,C6754037,9/7/1983,M,MUMBAI,3599.21,21/10/16,193802,1800
T727,C2936081,10/8/1947,M,NAGPUR,981.27,21/10/16,193943,44
T728,C3337238,21/10/94,F,NOIDA,3944.5,21/10/16,201502,375
T729,C8717971,25/5/84,M,TIRUPATI (RURAL),5505.12,21/10/16,201504,525
T730,C3266316,25/12/77,M,DELHI,9992.02,21/10/16,212321,939.65
T731,C4321711,20/7/89,F,AHMEDABAD,23273.37,21/10/16,203507,335
T732,C1523218,10/3/1994,M,BHIWANDI,4940.81,21/10/16,203513,1200
T733,C3833259,28/6/89,M,MUMBAI,41679.4,21/10/16,203856,300
T734,C4941380,21/10/92,M,MUKTSAR,1112.66,21/10/16,222601,3880
T735,C1537725,13/1/00,M,NEW DELHI,854.89,21/10/16,223056,275
T736,C3434464,29/6/85,M,RANGA REDDY,9031.72,21/10/16,223057,300
T737,C6425123,1/1/1800,M,JODHPUR,12770.53,21/10/16,224157,36
T738,C4482416,5/9/1987,M,BANGALORE,8329.81,21/10/16,194759,1286
T739,C1733675,27/7/86,M,MARKS SCHOOL NEW DELHI,5728.25,21/10/16,221139,307
T740,C4639027,3/2/1990,M,GURGAON,5502.87,21/10/16,220455,319
T741,C1118773,15/4/97,M,RAJAPALAYAM,19099.5,21/10/16,220519,25
T742,C3911589,14/5/87,M,MUMBAI,121852.78,21/10/16,220819,2550
T743,C6611233,14/9/86,M,"DOMBIVALI -WEST,THANE",4149.06,21/10/16,215115,700
T744,C8814828,21/2/85,M,NEW DELHI,172190.26,21/10/16,212121,399
T745,C5131156,10/6/1977,M,REWARI,9057.37,21/10/16,212140,259
T746,C7914170,26/7/92,F,NEW DELHI,9452.08,21/10/16,212401,20
T747,C4463414,19/9/94,M,CINEMA HAORA,30357.07,21/10/16,212403,4390
T748,C6325376,10/2/1997,M,VASAI,78255.57,21/10/16,203012,46
T749,C1533067,21/5/87,M,JAIPUR,2559.33,21/10/16,211237,795
T750,C1141847,2/5/1984,M,GURGAON,68864.42,21/10/16,202459,540
T751,C8035883,6/6/1991,M,DELHI,4816.5,21/10/16,200713,150
T752,C4830970,17/10/93,F,DELHI,2982.4,21/10/16,200714,550
T753,C8732661,3/1/1982,M,KOLKATA,57929.11,21/10/16,213019,485
T754,C4231943,14/4/93,F,NEW DELHI,1645.54,21/10/16,213311,203.45
T755,C1469227,28/4/79,F,NEW DELHI,31812.92,21/10/16,194528,50
T756,C3027447,30/6/87,M,DELHI,20247.07,21/10/16,204214,550
T757,C1521781,30/3/89,F,MUMBAI,89055.34,21/10/16,202803,2003
T758,C3926053,1/1/1800,M,NEW DELHI,46325.73,21/10/16,165804,1
T759,C6330852,1/1/1800,M,MUMBAI,2712481.26,21/10/16,202946,5900
T760,C6436276,8/3/1992,F,PERAMBALUR,3113.28,21/10/16,205354,162
T761,C4941589,11/5/1969,M,MANALI,58748.93,21/10/16,201434,4156
T762,C6042768,5/4/1991,M,NEW DELHI,7889.08,21/10/16,203143,500
T763,C2512955,20/11/87,M,CHENNAI,21266.29,21/10/16,201629,200
T764,C7321145,1/6/1991,M,KANCHIPURAM,10763.78,21/10/16,222118,199.97
T765,C3316423,19/9/89,M,BHAVNAGAR,1519.11,21/10/16,221401,430
T766,C7175926,10/8/1973,M,VADODARA,48217.97,21/10/16,202638,700
T767,C4531573,6/6/1994,M,MEERUT,2160.42,21/10/16,221813,50
T768,C3437531,20/6/95,M,COIMBATORE,149.62,21/10/16,203154,30
T769,C8232364,20/1/83,F,MUMBAI,350601.29,21/10/16,194650,1000
T770,C1641442,8/12/1979,M,THANE,524401.78,21/10/16,223401,6610
T771,C5234622,9/12/1982,M,NAVI MUMBAI,2168.98,21/10/16,223642,724
T772,C4823350,3/3/1992,M,SOLAN,5017.13,21/10/16,203805,54
T773,C1835665,3/2/1985,M,GHAZIABAD,114339.73,21/10/16,223648,50
T774,C5226946,23/7/85,F,GURGAON RD DUNDHERA GURGAON,683314.53,21/10/16,211343,1997
T775,C1117456,25/1/96,M,SURAT,3222.78,21/10/16,202657,500
T776,C4429435,26/4/92,F,DELHI,66773.67,21/10/16,202709,140
T777,C8623668,2/2/1981,M,KOLKATA,676668.92,21/10/16,204054,1757.5
T778,C1140325,8/12/1989,F,SCHOOL BURDWAN,572.78,21/10/16,204300,149
T779,C2829438,1/10/1990,M,MUMBAI,160030.28,21/10/16,222757,2910
T780,C1826947,25/10/93,M,AHMEDABAD,36345.9,21/10/16,210130,220
T781,C3929930,11/1/1994,M,AURANGABAD,6540.79,21/10/16,204925,180
T782,C4571043,17/9/91,M,MUMBAI,3722.83,21/10/16,214357,10
T783,C6629680,24/12/64,M,HOWRAH,32956.34,21/10/16,200019,100000
T784,C1510178,19/8/84,M,BANGALORE,12890.08,21/10/16,200055,291
T785,C7123032,9/9/1989,F,GURGAON,14915.03,21/10/16,200058,999
T786,C8787378,1/5/1989,M,MEDAK DIST,7289.39,21/10/16,195205,64.55
T787,C4733475,23/12/83,M,DELHI,307628.28,21/10/16,203542,250
T788,C3828351,24/9/89,F,INDIRANAGAR BANGALORE,33059.28,21/10/16,204023,250
T789,C5465149,19/2/84,F,BANGALORE,21388.11,21/10/16,200311,1443
T790,C3639080,15/1/60,M,GURGAON,354353.48,21/10/16,222359,15578.22
T791,C4130286,14/5/85,F,MUMBAI,1713.1,21/10/16,222404,190
T792,C4731081,23/12/91,M,FATEHABAD,7833.16,21/10/16,223112,5867
T793,C8937733,31/12/89,M,PARK PHASE-I HINJEWADI PUNE,191276.9,21/10/16,223357,200
T794,C2736386,18/12/89,M,DELHI,1006498.62,21/10/16,213632,121.51
T795,C5940117,3/8/1995,F,GAUTAM BUDDHA NAGAR,14571.3,21/10/16,214655,147
T796,C4127518,14/7/92,F,DWARKA,52114.37,21/10/16,213946,112
T797,C3816860,10/6/1997,M,LUCKNOW,25265.5,21/10/16,212512,500
T798,C2233387,25/7/94,F,CHANDIGARH,123607.92,21/10/16,213955,1780
T799,C8295234,19/6/84,M,RAJKOT,72382.65,21/10/16,115510,50
T800,C1888116,10/4/1979,F,MUMBAI,74865.07,21/10/16,212749,1326.5
T801,C8723715,11/10/1978,M,NEW DELHI,8702.26,21/10/16,204021,470
T802,C8515425,16/6/83,M,KOTA,45907.8,21/10/16,194053,308
T803,C2037249,22/8/86,M,VISAKHAPATNAM,297159.82,21/10/16,194058,690
T804,C4932285,7/9/1979,M,NURMAHAL,1265.81,21/10/16,194100,1000
T805,C3739538,15/7/82,M,BANGALORE,31359.46,21/10/16,203212,267
T806,C4213053,1/1/1800,M,NEW DELHI,92924.88,21/10/16,215259,1520
T807,C6757021,14/2/74,F,MUMBAI,283821.01,21/10/16,215432,208
T808,C2831889,15/3/79,M,GURGAON,21359.12,21/10/16,215155,500
T809,C2375985,18/1/77,F,KURLA ANDHERI RD MUMBAI,306862.46,21/10/16,215136,2000
T810,C2317364,2/9/1992,M,GURGAON,18025.83,21/10/16,214901,2950
T811,C3642867,12/6/1987,M,BENGALURU,6714.1,21/10/16,211015,250
T812,C7731083,16/11/85,M,MUMBAI,191.41,21/10/16,214921,1000
T813,C3225470,5/7/1988,F,KOTA,56806.25,21/10/16,205024,160
T814,C3623344,16/8/95,M,BANGALORE,2903.7,21/10/16,203158,5168
T815,C2979255,9/2/1982,M,MUMBAI,116788.08,21/10/16,203201,500
T816,C4522818,8/7/1995,M,GURGAON,39594.11,21/10/16,203404,100
T817,C2637514,6/6/1991,M,NAVI MUMBAI,7395.68,21/10/16,194738,275
T818,C4269249,17/3/77,M,MUMBAI,10849.69,21/10/16,194742,1900
T819,C7128023,11/2/1992,M,KALYAN (W) THANE,44545.28,21/10/16,195020,3943
T820,C2518658,23/7/87,F,KOLKATA,23321.73,21/10/16,194933,730
T821,C2922827,1/1/1800,M,NAVI MUMBAI,992.08,21/10/16,223650,4275
T822,C6123838,6/9/1980,M,PUNE,116255.65,21/10/16,223939,3780
T823,C1841834,6/1/1994,M,NEEMRANA,15413.18,21/10/16,223942,14
T824,C1827516,1/1/1800,M,CHENNAI,63708.68,21/10/16,223944,455
T825,C3915438,2/5/1987,M,UDAIPUR,107338.47,21/10/16,223945,265
T826,C7430274,20/9/82,M,DEHRADUN,20662.95,21/10/16,193721,100
T827,C2018539,5/8/1992,M,ALAPPUZHA,51319.3,21/10/16,193857,235.48
T828,C7892656,6/9/1993,M,GURGAON,2739.66,21/10/16,193858,2000
T829,C6318487,16/5/87,M,BANGALORE,46291.99,21/10/16,202949,214
T830,C3523238,16/10/97,M,DELHI,9923.71,21/10/16,211604,501
T831,C2637258,22/12/84,F,MUMBAI,100982.2,21/10/16,212032,3490
T832,C6212789,17/8/85,F,NOIDA,14677.97,21/10/16,212159,612.1
T833,C3831045,19/9/87,M,GURGAON,38480.89,21/10/16,211821,1080.01
T834,C6621285,10/7/1982,M,BANGALORE,57556.28,21/10/16,203416,420
T835,C7995223,25/9/89,F,PUNE,11650.66,21/10/16,203417,1903
T836,C6611630,15/8/95,M,DEORIA,3792.01,21/10/16,203543,159
T837,C2127333,29/3/82,M,TANUKU,8641.87,21/10/16,203726,720
T838,C4325463,23/8/89,F,DELHI,99260.38,21/10/16,205126,2629.32
T839,C1333383,5/12/1985,M,MUMBAI,3318.79,21/10/16,203036,5750
T840,C7825224,26/10/88,M,SOUTH TWENTY FOUR PARAGANAS,1150.07,21/10/16,203339,80
T841,C5829082,16/12/83,M,NAVI MUMBAI,1959.28,21/10/16,195008,1128
T842,C1420178,2/3/1960,M,HYDERABAD,21568.45,21/10/16,202400,270
T843,C8313475,26/2/89,M,CHANDIGARH,33056.83,21/10/16,202546,1779
T844,C3017428,10/8/1987,M,KOLKATA,13175.72,21/10/16,195728,2000
T845,C6130759,5/1/1973,M,GURGAON,547068.08,21/10/16,195736,2000
T846,C8423251,19/11/86,M,HOOGHLY,110091.54,21/10/16,192936,500
T847,C8126585,12/12/1992,M,MUMBAI,2341.18,21/10/16,100845,10
T848,C4511448,12/1/1991,M,SECUNDERABAD,1864.86,21/10/16,194043,50
T849,C6530434,22/7/92,F,MUMBAI,3050.07,21/10/16,215025,3285
T850,C1241988,10/8/1986,F,KOLKATA,132104.38,21/10/16,210138,575
T851,C7915138,19/12/90,M,NOIDA,852.89,21/10/16,202207,1000
T852,C5539425,3/7/1988,M,KOLLAM,139876.6,21/10/16,202211,2500
T853,C6933121,31/7/91,M,BANGALORE,5.16,21/10/16,145406,80
T854,C6430275,12/2/1986,M,JABALPUR,2635.19,21/10/16,202921,210
T855,C4869018,1/1/1800,M,NEW DELHI,246875.72,21/10/16,203317,3380
T856,C7825518,1/8/1993,M,NOIDA,18454.26,21/10/16,200625,14
T857,C7413354,1/1/1800,M,BANGALORE,62.53,21/10/16,195904,599
T858,C3883837,3/7/1986,M,DELHI,39.62,21/10/16,152409,50
T859,C8426060,26/12/88,M,KALYAN W,37077.06,21/10/16,212148,137.7
T860,C5725215,22/1/83,M,FARIDABAD,32713.81,21/10/16,215124,284
T861,C5115339,16/11/91,M,THANE,1637.95,21/10/16,205923,50
T862,C3511516,25/4/80,M,ERNAKULAM,36904.5,21/10/16,192923,50.91
T863,C1622066,1/1/1800,M,MUMBAI,10815.81,21/10/16,210054,2998
T864,C4723924,5/12/1976,F,KOLKATA,36929.53,21/10/16,203213,341
T865,C5420723,13/5/82,M,LUCKNOW,7936.08,21/10/16,202706,390
T866,C8727680,7/5/1989,M,MUMBAI,12640.35,21/10/16,202708,770
T867,C5428567,28/9/88,M,BANGALORE,13384.54,21/10/16,211553,200
T868,C1438550,8/7/1988,M,MUMBAI,111317.07,21/10/16,211553,1255
T869,C8877276,7/7/1996,F,DELHI,57908.87,21/10/16,213809,4303
T870,C4718530,16/8/76,M,NEW DELHI,31930.01,21/10/16,211150,220
T871,C1444215,29/2/76,M,BANGALORE,219069.16,21/10/16,211202,8912
T872,C2712189,26/9/89,M,MATHURA,4573.28,21/10/16,202654,899
T873,C6214169,9/11/1991,F,NEW DELHI,27373.21,21/10/16,203044,500
T874,C8426861,1/4/1993,F,NOIDA,126,21/10/16,195624,67
T875,C8821791,31/7/73,M,PUNE,29871.23,21/10/16,195208,8190
T876,C5826526,1/1/1800,M,NEW DELHI,103856.35,21/10/16,162209,18003.21
T877,C4542572,17/2/91,F,GURGAON,1893.23,21/10/16,195342,572
T878,C3915935,29/6/88,F,GHAZIABAD,13014.93,21/10/16,212334,299
T879,C6830879,2/6/1989,M,PUNE,18887.53,21/10/16,204820,301
T880,C2540757,6/10/1989,M,PUNE,171781.42,21/10/16,205001,764
T881,C6831791,23/3/82,F,PUNE,8447.87,21/10/16,205658,1028
T882,C3310523,8/11/1954,M,MUMBAI,0.02,21/10/16,205659,2220
T883,C9025040,9/1/1991,F,DOMBIVLI,48869.41,21/10/16,202932,1400
T884,C6979249,1/1/1800,M,PUNE,84718.34,21/10/16,202639,600
T885,C8226531,9/9/1985,M,PUNE,40553.26,21/10/16,202840,160
T886,C3539189,29/9/92,M,BANGALORE,1880.32,21/10/16,202852,1000
T887,C5012113,16/11/72,F,MUMBAI,32621.01,21/10/16,201530,440
T888,C1437355,19/10/92,M,PURBI SINGHBHUM,19173.82,21/10/16,201735,50
T889,C1631481,8/1/1989,M,WARANGAL,11614.1,21/10/16,201913,100000
T890,C3192568,29/1/90,M,PALI,10405.54,21/10/16,202100,190
T891,C5025329,25/3/81,M,BANGALORE,48341.37,21/10/16,211434,538
T892,C7128585,28/9/88,M,BANGALORE,13384.54,21/10/16,211435,200
T893,C5121986,21/2/92,M,NEW DELHI,6663.5,21/10/16,211645,189
T894,C8640163,22/2/91,M,DELHI,76122.22,21/10/16,204707,1721
T895,C1922980,1/1/1800,M,PUNE,388.89,21/10/16,203024,2000
T896,C8410921,20/3/89,M,THANE,6664.52,21/10/16,203242,1260
T897,C2924271,8/1/1986,M,GURGAON,121060.05,21/10/16,202627,73
T898,C1510886,1/1/1800,M,DELHI,21913.8,21/10/16,202529,262.06
T899,C3340413,14/8/89,M,BANUR,115715.85,21/10/16,202724,175
T900,C1118258,26/8/84,M,NEW DELHI,10533.88,21/10/16,194505,350
T901,C6013590,20/6/94,F,JAGATSINGHPUR,97.93,21/10/16,194505,65
T902,C4311779,23/1/95,M,KOTA,7844.9,21/10/16,194554,105
T903,C1913490,13/3/82,M,NEW DELHI,135701.38,21/10/16,205639,936
T904,C1241419,26/12/88,M,AHMEDABAD,257822.52,21/10/16,205640,235
T905,C4127771,6/1/1989,F,DELHI,12069.76,21/10/16,205749,1000
T906,C3414431,1/1/1980,M,CHANDIGARH,1586508.61,21/10/16,205750,100000
T907,C5428413,22/5/91,M,SHIMLA,8175.27,21/10/16,205607,500
T908,C3229228,8/7/1994,F,KOLKATA,35421.17,21/10/16,205938,268
T909,C1412283,20/5/71,F,PALAKKAD,76081.62,21/10/16,203251,200
T910,C5422016,5/6/1983,M,GURGAON,110341.58,21/10/16,202715,320
T911,C7784552,1/1/1800,M,NEW DELHI,48019.42,21/10/16,195504,1000
T912,C1334066,10/4/1990,F,MUMBAI,2823.47,21/10/16,200058,1375
T913,C8923820,8/8/1996,M,KOLKATA,495017.06,21/10/16,195518,398
T914,C8731111,18/1/87,M,NOIDA,14105.23,21/10/16,211923,900
T915,C3130836,12/11/1990,M,BULANDSHAHR,7752.19,21/10/16,212115,2599
T916,C4229917,2/11/1971,M,NEW DELHI,33818.31,21/10/16,212224,380
T917,C6825419,5/7/1988,F,KOTA,56806.25,21/10/16,202616,160
T918,C5436238,7/11/1991,F,BANGALORE,8841.05,21/10/16,195421,500
T919,C1140967,22/12/93,F,GHAZIABAD,20469.13,21/10/16,211217,1499
T920,C5489843,9/5/1984,M,JAIPUR,129490.6,21/10/16,204808,158
T921,C6437090,27/7/87,M,MUMBAI,879.93,21/10/16,205636,950
T922,C2727772,3/12/1991,M,NEW DELHI,11846.77,21/10/16,205840,11
T923,C2433460,1/10/1982,M,NEW DELHI,794743.98,21/10/16,203149,1679
T924,C1711055,23/4/88,F,SONIPAT,88425.71,21/10/16,194056,257.15
T925,C8438427,1/1/1800,M,DELHI,156812.83,21/10/16,211546,3112
T926,C3418419,26/3/88,F,GHAZIABAD,17716.05,21/10/16,203009,1500
T927,C2230426,5/8/1989,M,RAJPURA,1195344.5,21/10/16,201352,850
T928,C3933432,23/6/87,F,MUMBAI,9904.14,21/10/16,211601,600
T929,C4489370,26/5/79,M,BANGALORE,501.1,21/10/16,210051,750
T930,C5673142,1/1/1989,M,MORINDA MORINDA,417874.67,21/10/16,204209,141.24
T931,C8111056,20/7/68,M,BANGALORE,77726.33,21/10/16,204303,140
T932,C1333763,8/4/1987,M,PUNE,6633.52,21/10/16,204230,1281.4
T933,C6576480,2/10/1978,F,MUMBAI,13616.67,21/10/16,193350,23352
T934,C3016256,2/10/1985,M,AMRITSAR,218428.37,21/10/16,193536,778
T935,C1640274,10/8/1984,M,NAVI MUMBAI,193334.48,21/10/16,211352,720
T936,C4330850,1/7/1974,M,AURANGABAD,218231.16,21/10/16,211152,1752
T937,C3638675,28/3/92,M,DELHI,38843.42,21/10/16,211157,2641
T938,C8010062,16/9/48,M,ERNAKULAM,5.65,21/10/16,204053,200
T939,C5874370,25/12/79,M,THANE W,104389.33,21/10/16,210223,61500
T940,C2541988,13/9/83,F,PUNE,3801.19,21/10/16,204553,2553
T941,C1810279,2/2/1990,M,MUMBAI,34905.27,21/10/16,203234,600
T942,C1931117,17/8/83,M,BANGALORE,57.24,21/10/16,203552,1580
T943,C5535063,7/8/1984,M,NEW DELHI,129290.36,21/10/16,203419,715
T944,C3218322,15/3/87,M,PUNE,5720.37,21/10/16,210629,100
T945,C8222136,5/1/1978,M,GHAZIABAD,2534.03,21/10/16,205540,192
T946,C2678478,1/1/1800,M,SURAT,27233.69,21/10/16,205357,1299
T947,C3115171,1/9/1986,F,NOIDA,201695.5,21/10/16,195601,183
T948,C7621386,5/10/1987,M,DUBAI,141686.3,21/10/16,211655,620
T949,C6095386,26/7/74,M,CHENNAI,15228.43,21/10/16,211951,196
T950,C4413129,1/2/1992,F,SINGHBHUM,35111.42,21/10/16,211232,190
T951,C4240382,15/2/87,M,UTTARA KANNADA,22220.06,21/10/16,211239,65
T952,C7137848,25/12/87,F,NEW DELHI,24326.61,21/10/16,215551,500
T953,C5832547,12/1/1978,M,BANGALORE,4027.57,21/10/16,215551,285
T954,C3072841,27/5/82,M,BANGALORE,59973.67,21/10/16,212855,200
T955,C2124373,26/8/95,M,KANPUR,39799.66,21/10/16,212909,65
T956,C2627459,27/9/86,M,NOIDA,23541.54,21/10/16,205806,5555
T957,C9027490,9/9/1970,M,DELHI,63681.01,21/10/16,205806,2293
T958,C4514458,1/1/1800,M,CHENNAI,27021.05,21/10/16,203800,1830
T959,C3014449,1/1/1800,M,CHENNAI,27021.05,21/10/16,203857,1400
T960,C5812281,27/11/77,M,MUMBAI,57749.3,21/10/16,203858,484
T961,C7632491,10/4/1992,F,THANE,45744.99,21/10/16,203352,3490
T962,C4454658,1/1/1800,M,SURAT,109362.18,21/10/16,203636,358
T963,C5413453,7/3/1994,M,DELHI,22.31,21/10/16,202808,11
T964,C5223990,5/12/1976,F,KOLKATA,36929.53,21/10/16,204003,65
T965,C6312180,26/9/89,M,MATHURA,4573.28,21/10/16,203908,380
T966,C8436155,28/12/87,M,UNA,10262.75,21/10/16,204006,650
T967,C4331120,31/8/86,F,HOBBLI BANGALORE,10877.13,21/10/16,205002,1330
T968,C2136467,4/11/1981,M,JOGESHWARI (E) MUMBAI,51611.24,21/10/16,203017,1099
T969,C3540176,12/6/1982,M,GURGAON,18163.73,21/10/16,202047,250
T970,C7842063,14/10/81,M,NEW DELHI,29436.43,21/10/16,202047,435
T971,C1618642,24/4/91,F,NEW DELHI,12779.85,21/10/16,202335,100
T972,C8014459,1/1/1800,M,CHENNAI,27021.05,21/10/16,204527,1273
T973,C1423839,15/6/77,F,GANGTOK,10702.67,21/10/16,204416,448
T974,C7633725,8/9/1986,F,ALIGARH,3081.96,21/10/16,201706,450
T975,C8819837,24/1/91,F,GURGAON,6406.13,21/10/16,192539,1000
T976,C6256982,25/12/83,M,GREATER NOIDA,184757.62,21/10/16,192541,5000
T977,C2433374,13/10/80,M,MUMBAI,14309.1,21/10/16,211303,120
T978,C4420933,22/6/87,M,RAIPUR,6988.14,21/10/16,211304,220
T979,C8588426,19/2/80,M,AMRITSAR,81691.41,21/10/16,211429,1593
T980,C8218388,13/6/79,M,NEVILLE HOUSE THANE,69460.79,21/10/16,211907,475
T981,C8741166,21/6/90,M,FARIDABAD,77948.53,21/10/16,211554,1512.75
T982,C8236916,27/1/92,M,JAIPUR,7281.14,21/10/16,204419,230
T983,C4865613,1/1/1800,F,CHENNAI,0,21/10/16,204421,1500
T984,C4122560,1/1/1800,M,UDAIPUR,1294694.19,21/10/16,174607,100.91
T985,C1638047,13/7/93,M,RAI BARELI,11348.2,21/10/16,211702,50
T986,C6939286,29/5/79,M,THANE,36719.52,21/10/16,211703,201
T987,C4724177,3/2/1989,F,THANE,15342.82,21/10/16,211853,125
T988,C7015315,7/3/1994,M,CHENNAI,10758.35,21/10/16,205143,500
T989,C2614448,1/1/1800,M,CHENNAI,27021.05,21/10/16,205142,1128
T990,C7327792,4/7/1980,M,COIMBATORE,40681.48,21/10/16,205143,530
T991,C2015243,5/4/1983,M,AHMEDABAD,38472.54,21/10/16,172145,650
T992,C2739560,20/2/91,M,NEW DELHI,17654.41,21/10/16,203056,14
T993,C2540069,20/6/68,M,BANGALORE,160594.62,21/10/16,201430,2110
T994,C7836078,5/10/1984,M,CHANDIGARH,2512.09,21/10/16,203402,275
T995,C3130260,2/5/1988,M,RAIGARH CG RAIGARH,162.15,21/10/16,203546,38
T996,C8317970,20/4/89,M,ALWAR,1972.42,21/10/16,210350,27
T997,C9099692,27/2/90,F,LUCKNOW,772503.25,21/10/16,210357,249
T998,C1025072,25/6/94,M,DELHI,4356.19,21/10/16,204539,400
T999,C7439786,7/11/1995,F,KASHIPUR,1.92,21/10/16,202710,23
T1000,C5734042,2/2/1988,M,UDAIPUR,57477.29,21/10/16,202643,1269
T1001,C1225952,15/8/80,M,AMBALA,161289.86,21/10/16,203312,395
T1002,C4488674,2/12/1959,M,WRZESNIA,342979.61,21/10/16,200532,21230.06
T1003,C7757072,6/3/1990,M,MEWAT,25175.35,21/10/16,200728,250
T1004,C8557524,14/6/71,M,MOHALI,29501.41,21/10/16,210835,1000
T1005,C5684486,29/1/92,M,BOISAR,19117.41,21/10/16,210852,321.65
T1006,C8113647,18/10/90,M,NEW DELHI,55097.47,21/10/16,211127,1650
T1007,C5412692,30/9/94,M,MUMBAI,8317.63,21/10/16,203909,950
T1008,C4428641,4/11/1987,F,MANGALORE,10301.3,21/10/16,203912,200
T1009,C2694817,29/12/92,F,BAMBOLIM,14444.84,21/10/16,201422,200
T1010,C4925954,13/3/87,M,RANGA REDDY,17189.06,21/10/16,195530,1346
T1011,C2135116,19/4/81,M,KAPURTHALA,551679.64,21/10/16,195704,300
T1012,C8631471,13/11/82,M,HYDERABAD,1259.79,21/10/16,211319,332.74
T1013,C9039783,18/8/85,M,NEW DELHI,467553.87,21/10/16,203541,2000
T1014,C3417119,19/2/85,M,MANGALORE,41989.1,21/10/16,203505,141
T1015,C4319739,1/1/1800,M,CHANDIGARH,609823.53,21/10/16,202822,1250
T1016,C6641441,24/2/94,M,NEW DELHI,18110.91,21/10/16,204125,60.48
T1017,C3579375,2/1/1985,F,MEERUT,41589.87,21/10/16,200100,525
T1018,C8115252,17/2/47,M,GURGAON,72430.22,21/10/16,195912,366
T1019,C1440923,7/1/1985,M,TO B KAVERI TAILORS BANGALORE,128915.4,21/10/16,195808,917
T1020,C4940975,16/10/84,F,GHAZIABAD,4320.39,21/10/16,195723,201.75
T1021,C5026229,25/7/74,M,GHATKOPAR,3236.44,21/10/16,200159,255
T1022,C6219568,2/4/1985,M,HYDERABAD,25844.61,21/10/16,212851,651
T1023,C3412685,11/5/1990,M,JAMSHEDPUR,49019.49,21/10/16,213134,706
T1024,C7638684,23/5/70,F,MUMBAI,50482.62,21/10/16,213449,6300
T1025,C5413965,18/7/84,M,GURGAON,46056.26,21/10/16,213450,420
T1026,C6341445,10/8/1986,M,GURGAON,12462.8,21/10/16,211654,120
T1027,C6041284,28/2/89,M,GURGAON,64455.09,21/10/16,205949,7923
T1028,C5441169,5/2/1989,M,BANGALORE,2309.4,21/10/16,204225,184
T1029,C3627031,4/5/1994,M,THANE,1083.22,21/10/16,204319,930
T1030,C3539364,15/4/85,F,NAGPUR,5999.14,21/10/16,204540,6338
T1031,C3658548,23/6/91,M,JALNA,26221.96,21/10/16,204223,986
T1032,C8835033,8/5/1978,F,GURGAON,30593.29,21/10/16,204542,1161
T1033,C2227748,14/3/82,M,MUMBAI,132201.64,21/10/16,194624,2535
T1034,C2522963,25/12/90,M,NASHIK,31146.73,21/10/16,211453,172
T1035,C3698575,19/5/82,F,BLOCK KORAMANGALA BANGALORE,711620.03,21/10/16,211508,420
T1036,C5427868,12/7/1986,M,AJMER,258.83,21/10/16,212849,192
T1037,C2810218,27/1/90,M,KOTESHWARA,977.52,21/10/16,192622,2316
T1038,C1480986,22/10/93,M,BANGALORE,63974.1,21/10/16,204123,257
T1039,C8832519,2/1/1991,M,DAMAN,9759.62,21/10/16,204123,30
T1040,C5834235,1/1/1800,M,MANDI GOBINDGARH,107963.73,21/10/16,194714,18000
T1041,C1325238,1/1/1800,M,JABALPUR,138.09,21/10/16,195437,150
T1042,C3316824,18/11/85,M,RAIGAD,31205.77,21/10/16,194718,300
T1043,C6110377,20/6/84,M,GURGAON,18759.36,21/10/16,211323,257
T1044,C1838341,6/12/1995,M,BAHADURGARH,126359.35,21/10/16,211443,348
T1045,C1125946,12/5/1992,F,MANDI,8261.97,21/10/16,211337,64
T1046,C8012143,30/10/91,F,GURGAON,3660.2,21/10/16,204953,50
T1047,C2040289,14/12/78,M,NEW DELHI,22686.03,21/10/16,204956,770
T1048,C2742350,26/1/89,M,CHROMPET CHENNAI,55900.02,21/10/16,204235,950
T1049,C7329287,1/1/1800,F,NEW DELHI,1971218.11,21/10/16,203509,3592
T1050,C4725480,13/8/84,F,THANE,5208.09,21/10/16,211844,750
T1051,C6141164,20/10/90,M,CHENNAI,1172.14,21/10/16,211811,325
T1052,C6411627,6/11/1992,F,KALOL,15994.73,21/10/16,211440,199
T1053,C3617280,11/11/1989,F,DELHI,25313.69,21/10/16,211443,1000
T1054,C4423046,25/12/80,F,MUMBAI,6113.36,21/10/16,201444,300
T1055,C3926088,20/4/90,M,KOLKATA,7454.36,21/10/16,201447,500
T1056,C7434454,11/10/1982,M,CHANDIGARH,1207.24,21/10/16,201259,3619
T1057,C8526070,11/10/1992,F,BELGAUM,230099.64,21/10/16,201159,760
T1058,C5442656,2/1/1986,M,BOKARO,3482113.5,21/10/16,205137,5500
T1059,C2937169,18/3/81,F,MUMBAI,3793.06,21/10/16,202604,838
T1060,C2914021,20/6/57,F,BANGALORE,5444.78,21/10/16,202605,172
T1061,C2612773,28/10/83,F,THANE,53531.42,21/10/16,202606,2330
T1062,C4127485,12/3/1985,M,MUMBAI,22159.6,21/10/16,202611,1250
T1063,C2341534,4/1/1984,M,JALGAON,198.66,21/10/16,204530,150
T1064,C6995752,17/10/76,F,DELHI,31022.33,21/10/16,203832,32
T1065,C7824477,22/10/71,M,NAVIMUMBAI,12071.53,21/10/16,203308,50
T1066,C2953749,6/8/1985,M,NOIDA,91859.49,21/10/16,202818,431
T1067,C2023543,1/12/1990,M,AHMEDABAD,121896.15,21/10/16,203113,100
T1068,C3415369,29/6/96,M,PANIPAT,9237.03,21/10/16,203024,90
T1069,C1015814,5/12/1990,M,SONIPAT,8334.28,21/10/16,194324,300
T1070,C4333884,20/8/71,M,LUCKNOW,11623.27,21/10/16,101333,14.95
T1071,C8284759,21/12/76,M,KOLKATA,9441.1,21/10/16,194335,222
T1072,C6924238,25/11/86,M,RAIPUR,7139.15,21/10/16,210903,300
T1073,C8734051,24/11/43,M,GURGAON,47483.12,21/10/16,205452,7000
T1074,C6855354,10/8/1984,F,GHAZIABAD,17147.88,21/10/16,211723,399
T1075,C1214240,17/1/87,M,PUNE,10027.98,21/10/16,211817,319
T1076,C7923186,10/8/1991,F,GURGAON,117061.27,21/10/16,205745,2195
T1077,C7811420,10/6/1996,F,PUNE,1825.1,21/10/16,204359,200
T1078,C8024481,16/10/93,M,CHANDIGARH,4409.39,21/10/16,204049,50
T1079,C2938048,31/1/88,F,GURGAON,61268.86,21/10/16,202845,759.05
T1080,C7619817,17/12/92,M,MYSORE,5033.6,21/10/16,203034,633
T1081,C3934126,15/9/83,M,SILIGURI,13984.6,21/10/16,201450,1115
T1082,C6425839,26/4/89,M,THANE,16857.89,21/10/16,201217,540
T1083,C2212271,21/4/91,F,NEW DELHI,23.98,21/10/16,192957,700
T1084,C5412211,10/6/1992,M,BELGAUM,22278.71,21/10/16,211533,1713
T1085,C4335652,21/7/81,M,CHENNAI,10921.49,21/10/16,204132,8782
T1086,C2719427,24/2/72,F,BANGALORE,45793.85,21/10/16,204530,956
T1087,C8439353,10/6/1978,F,MUMBAI,40049.02,21/10/16,204542,860
T1088,C7639734,20/1/65,F,MADURAI,6137.96,21/10/16,200523,4001
T1089,C3228213,7/7/1962,M,N M JOSHI MARG LOWER PAREL MUMBAI,2494964.39,21/10/16,163526,341.87
T1090,C1437438,4/3/1996,M,PANCHKULA,873.21,21/10/16,200529,475
T1091,C2634460,28/10/88,M,NEW DELHI,65920.02,21/10/16,201102,500
T1092,C6826013,19/12/78,F,ROPAR,299840.26,21/10/16,201217,269
T1093,C8620331,25/2/96,M,BHADRAK,924.68,21/10/16,201018,28
T1094,C5736681,6/9/1989,F,PUNE,9780.66,21/10/16,210436,400
T1095,C7331571,28/12/76,F,NOIDA,68965.61,21/10/16,210708,250
T1096,C1615832,5/3/1985,M,ALWAR,32319.7,21/10/16,210920,65
T1097,C5187988,28/12/91,M,ARIYALUR DT,257.12,21/10/16,211318,500
T1098,C4754947,8/7/1990,M,DELHI,252836.65,21/10/16,211318,1000
T1099,C8232182,20/7/78,M,PUNE,2998.81,21/10/16,204624,115
T1100,C4799770,29/9/90,M,VASAI THANE,45806.78,21/10/16,204854,690
T1101,C4442276,25/10/84,M,SURAT,3816.79,21/10/16,202749,76
T1102,C6643957,28/7/94,M,BANGALORE,14372.93,21/10/16,202749,157.5
T1103,C2234979,22/1/88,M,BANGALORE,723.93,21/10/16,202946,115
T1104,C8041946,28/8/89,M,DELHI,26495.93,21/10/16,202140,502
T1105,C6316164,3/1/1984,M,BANGALORE,12744.14,21/10/16,201556,345.65
T1106,C3725520,2/11/1976,M,GREATER NOIDA,60263.98,21/10/16,205026,200
T1107,C4227546,15/1/83,M,NOIDA,7035.45,21/10/16,205030,527
T1108,C1840328,15/7/87,M,JAIPUR,4720.18,21/10/16,205109,110
T1109,C4240919,5/10/1986,M,KHERLI,67084.47,21/10/16,211331,1825
T1110,C2625881,21/6/91,M,DEHRADUN,5899.86,21/10/16,211615,79
T1111,C6911332,14/10/86,M,HYDERABAD,58.83,21/10/16,211620,30
T1112,C3723683,4/1/1983,M,BANGALORE,69276.59,21/10/16,210739,359
T1113,C6756914,19/5/91,M,JHAJJAR,7666.47,21/10/16,204741,865
T1114,C6328644,19/11/82,F,MUMBAI,85135.36,21/10/16,204738,25
T1115,C8318284,4/5/1978,M,NAVI MUMBAI,111915.53,21/10/16,204203,2723.6
T1116,C5932922,30/7/95,F,THIRUVARUR,11425.95,21/10/16,202829,282
T1117,C3896140,20/3/79,F,MUMBAI,45309.96,21/10/16,203339,1400
T1118,C2932039,21/3/91,F,CHENNAI,59147.73,21/10/16,203350,1254
T1119,C2228429,10/2/1986,M,KANPUR,16050.29,21/10/16,210817,419
T1120,C8036766,16/8/94,F,MUMBAI,5.66,21/10/16,210917,10
T1121,C2617556,13/7/93,M,DARBHANGA,2080.69,21/10/16,210212,25
T1122,C1639773,22/1/65,M,CHENNAI,3046.95,21/10/16,210710,1795
T1123,C5060756,9/9/1968,F,NEW DELHI,35271.92,21/10/16,210715,590
T1124,C5336058,1/1/1800,M,THANE,7684.52,21/10/16,192419,4195.6
T1125,C6111116,3/6/1995,M,TALUK KANCHEEPURAM DIST,6.97,21/10/16,192859,35
T1126,C8035659,10/8/1990,M,ASANSOL,14251.1,21/10/16,211641,570
T1127,C2717683,20/6/79,M,BANGALORE,20319.2,21/10/16,211646,663
T1128,C2211316,9/12/1986,M,BANGALORE,4626.95,21/10/16,211646,315.52
T1129,C2041273,27/3/70,M,BHARUCH,76488.02,21/10/16,211918,1050
T1130,C6221046,22/1/89,M,ALLAHABAD,10352.64,21/10/16,211921,50
T1131,C6026935,1/1/1800,M,PUNE,74742.99,21/10/16,211052,349
T1132,C8717928,1/6/1979,M,PUNE,29515.82,21/10/16,210224,3850
T1133,C2659925,18/8/93,M,PRAKASAM,106.59,21/10/16,210227,210
T1134,C6314523,1/1/1981,M,DELHI,28089.34,21/10/16,210240,1100
T1135,C4440931,8/6/1982,M,DELHI,20910.78,21/10/16,201511,200
T1136,C2955012,4/12/1982,F,GANDHINAGAR,28099.05,21/10/16,201318,522
T1137,C3742239,31/7/81,M,BULADHANA,54265.8,21/10/16,203250,286
T1138,C8023588,11/11/1990,M,PONDA NORTH,3701.71,21/10/16,203507,100
T1139,C8116854,9/3/1960,M,CHENNAI,511134.58,21/10/16,203653,270
T1140,C8241932,22/11/88,F,GHATKOPAR W MUMBAI,3303.46,21/10/16,202735,565
T1141,C8919455,20/11/90,M,NOIDA,14892.7,21/10/16,201601,560
T1142,C1330931,2/4/1994,F,LUDHIANA,19577.25,21/10/16,205642,100
T1143,C3720990,22/6/87,M,RAIPUR,6988.14,21/10/16,210129,1620
T1144,C3816187,13/3/75,F,KOLKATA,338144.02,21/10/16,193103,557
T1145,C4623122,25/5/84,M,NEW DELHI,34114.16,21/10/16,203133,100
T1146,C2925468,9/1/1977,F,NAVI MUMBAI,157644.89,21/10/16,203827,648
T1147,C5919937,1/1/1800,M,GURGAON,16998.39,21/10/16,204136,170
T1148,C6727588,28/10/64,F,PUNE,141891.55,21/10/16,201558,372.2
T1149,C2332243,15/8/89,M,JHUNJHUNU,6609.59,21/10/16,202712,50
T1150,C7286424,31/12/85,M,JAIPUR,6481.02,21/10/16,201835,100.85
T1151,C3411131,1/1/1986,M,KOLKATA,6374.5,21/10/16,210130,200
T1152,C7429225,5/12/1986,F,MUMBAI,14633.58,21/10/16,211404,250
T1153,C1119026,18/4/93,M,DOMBIVALI E,16866.81,21/10/16,114514,60
T1154,C7521623,10/2/1993,F,HYDERABAD,4688.5,21/10/16,211206,390
T1155,C3129926,17/11/81,M,MUMBAI,15520.27,21/10/16,211207,680
T1156,C3413475,12/2/1965,M,NEW DELHI,36094.41,21/10/16,211208,865
T1157,C8527767,4/6/1985,M,FIROZABAD,5141.11,21/10/16,114438,6000
T1158,C6429476,3/9/1991,M,RAIGAD,6.71,21/10/16,210729,30
T1159,C4433251,4/11/1991,F,GURGAON,16838.56,21/10/16,204909,573.86
T1160,C3417486,2/7/1991,M,NEW DELHI,1932.62,21/10/16,203129,20
T1161,C3644582,28/8/93,M,HYDERABAD,3.38,21/10/16,195209,440
T1162,C7936624,27/5/86,M,THANE,20740.67,21/10/16,203544,170
T1163,C5724336,13/8/94,M,SIKAR,2080.91,21/10/16,204320,220
T1164,C6912216,21/4/78,M,DELHI,652500.87,21/10/16,203610,4918
T1165,C7124375,13/8/94,M,SIKAR,2080.91,21/10/16,203846,27
T1166,C4940585,19/2/52,M,HYDERABAD,194726.29,21/10/16,203756,23000
T1167,C5722728,4/10/1978,M,MUMBAI,62172.3,21/10/16,202159,1020
T1168,C7823947,26/9/93,M,TANJAVUR,3511.62,21/10/16,204631,995
T1169,C3937587,20/6/95,M,COIMBATORE,149.62,21/10/16,203733,265
T1170,C2534282,10/12/1990,M,MUMBAI,30065.02,21/10/16,203734,26
T1171,C4311640,29/9/89,F,NASHIK,39917.14,21/10/16,195516,685
T1172,C2885642,17/1/79,M,KALYAN EAST,4738.18,21/10/16,195534,440
T1173,C4740088,17/3/76,M,GURGAON,20278.39,21/10/16,210249,55
T1174,C5312021,8/1/1972,F,NEW DELHI,32999.8,21/10/16,211225,881
T1175,C3026177,4/6/1972,M,NEW DELHI,59311.52,21/10/16,211320,100
T1176,C6121458,1/1/1800,M,UDAIPUR,12090.65,21/10/16,203756,39
T1177,C5811561,20/1/96,M,BULANDSHAHR,342.98,21/10/16,204004,80
T1178,C1624437,17/7/80,F,BANGALORE,8207.08,21/10/16,201253,449
T1179,C8424664,1/1/1977,M,VISAKHAPATNAM,10583.78,21/10/16,211340,1000
T1180,C1739525,1/1/1985,F,LUDHIANA,15128.88,21/10/16,211343,27
T1181,C5523659,22/8/84,M,DEHRADUN,14285.54,21/10/16,205319,25
T1182,C1323876,24/6/80,M,NAVI MUMBAI,28049.79,21/10/16,205535,1000
T1183,C7673132,5/8/1986,M,HYDERABAD,17630.62,21/10/16,205730,5000
T1184,C6922485,29/7/82,M,ANDHERI (E) MUMBAI,19883.85,21/10/16,203737,320
T1185,C1225712,28/12/87,F,BANGALORE,17178.14,21/10/16,193424,400
T1186,C6273931,4/8/1990,F,THANE,5291.88,21/10/16,205955,200
T1187,C6288651,1/12/1988,F,MOHALI,18314.9,21/10/16,201704,1500
T1188,C2636544,12/3/1991,M,SURAT,23407.05,21/10/16,201836,150
T1189,C5231841,25/11/91,F,NOIDA,33143.49,21/10/16,201744,425
T1190,C5228561,6/11/1991,M,GURGAON,4006.73,21/10/16,201157,300
T1191,C5521680,19/2/83,M,TRIVANDRUM,9257.68,21/10/16,110325,303.89
T1192,C8313474,6/6/1981,F,MUMBAI,47752.54,21/10/16,202819,267
T1193,C1288027,1/1/1800,F,BANGALORE,219374.07,21/10/16,203043,360.12
T1194,C6512858,4/1/1981,M,BENGALURU,570837.46,21/10/16,193202,7799
T1195,C1649634,19/1/88,M,MUMBAI,14966.94,21/10/16,193203,245
T1196,C5924271,3/5/1989,F,BANGALORE,12609.76,21/10/16,193511,1500
T1197,C3047475,6/3/1984,M,NEW DELHI,81019.33,21/10/16,201721,2214.78
T1198,C4615780,18/11/79,M,PATIALA,7389.46,21/10/16,201755,540
T1199,C6710359,4/5/1991,M,BANGALORE,763.98,21/10/16,201756,2000
T1200,C6874988,14/10/94,M,CHENNAI,4665.3,21/10/16,195707,100
T1201,C3141351,21/1/56,F,DELHI,6554.96,21/10/16,195848,1075
T1202,C8210068,1/11/1986,M,BANGALORE,4460.02,21/10/16,214842,1154
T1203,C3530243,25/8/55,M,MUMBAI,7012.73,21/10/16,210520,10396
T1204,C1938353,27/8/87,M,PURI,399719.15,21/10/16,210611,5
T1205,C5290081,1/1/1800,M,JAIPUR,73912.97,21/10/16,210829,250
T1206,C8234024,27/11/78,M,BURDWAN,24282.51,21/10/16,203157,2090
T1207,C8842737,28/10/86,M,ANAND,1577984.15,21/10/16,203202,1758.4
T1208,C5120683,29/3/90,M,BANGALORE,455539.66,21/10/16,203206,286
T1209,C3341142,10/7/1993,F,HARIDWAR,152.02,21/10/16,201715,199
T1210,C1718444,23/9/77,M,NAGARI THANE,175655.8,21/10/16,201720,322.5
T1211,C5818340,15/12/32,F,NEW DELHI,719551.68,21/10/16,204700,3410
T1212,C8140030,14/9/87,F,YEOLA,39421.11,21/10/16,210441,19000
T1213,C1823050,24/7/84,M,CHENNAI,56202.21,21/10/16,210444,269
T1214,C3924513,30/10/87,M,BANGALORE,136.2,21/10/16,210933,1495
T1215,C3367351,18/6/83,M,BARMER,616.64,21/10/16,210936,7050
T1216,C6435650,22/10/89,M,MUMBAI,1054.7,21/10/16,210938,120
T1217,C3955587,14/12/83,M,THRISSUR,45407.82,21/10/16,205939,187
T1218,C3752885,10/10/1987,M,RAMNAGAR,10080.38,21/10/16,201616,1920
T1219,C2710371,4/5/1991,M,BANGALORE,763.98,21/10/16,201722,8000
T1220,C7124917,7/10/1985,F,MOHALI,2865.36,21/10/16,201442,5382.74
T1221,C7030532,3/2/1978,M,GURGAON,724136.54,21/10/16,201204,620
T1222,C6279150,5/7/1994,F,DELHI,3040.32,21/10/16,201141,365
T1223,C7644618,1/9/1985,M,HOWRAH,6188.94,21/10/16,202026,51
T1224,C8831623,26/8/62,F,DUBAI,81427.22,21/10/16,210514,17500
T1225,C2610334,6/8/1992,M,IRAGAVARAM,161.13,21/10/16,200934,33
T1226,C4911265,12/4/1954,F,CHENNAI,104755.95,21/10/16,210751,6401
T1227,C1920379,17/4/92,M,NASHIK,6587.39,21/10/16,205507,360
T1228,C8310656,12/9/1959,M,MOHALI,1016385.26,21/10/16,205925,115
T1229,C8751086,5/2/1992,M,DELHI,19599.99,21/10/16,203740,1953
T1230,C3214456,1/1/1800,M,CHENNAI,27021.05,21/10/16,203944,1500
T1231,C4874326,2/12/1986,M,ALWAR,1340.03,21/10/16,204047,1265
T1232,C6840916,2/1/1979,M,EAST DELHI,25372.81,21/10/16,192419,700
T1233,C5141632,24/12/91,F,DELHI,118.51,21/10/16,210237,280
T1234,C4042456,28/10/92,M,PASCHIM MEDINIPUR,12677.17,21/10/16,210741,363
T1235,C6427881,7/5/1980,M,VAPI,1488.08,21/10/16,210747,250
T1236,C7517740,4/6/1978,F,GHAZIABAD,854283.14,21/10/16,205327,299
T1237,C1625464,7/4/1979,M,THANE,3954.56,21/10/16,205330,250
T1238,C3337355,27/5/87,M,KOTTAYAM,9600.05,21/10/16,205331,50
T1239,C2842430,17/1/93,F,PANIPAT,650.03,21/10/16,205333,6017
T1240,C1039686,17/2/93,M,MADURAI,2825.87,21/10/16,204640,254
T1241,C8226537,12/12/1992,M,MUMBAI,2341.18,21/10/16,111641,10
T1242,C5357358,14/4/89,M,MUMBAI,28206.35,21/10/16,204642,8500
T1243,C1835849,30/11/80,M,THANE,11125.53,21/10/16,203904,298
T1244,C4913413,23/4/96,M,THANE,5677.04,21/10/16,192753,10
T1245,C2132121,1/5/1986,M,BERHAMPUR,13975,21/10/16,204329,1809.01
T1246,C1017990,9/5/1989,F,RAJPURA,1398.47,21/10/16,192432,50
T1247,C8236071,5/10/1984,M,CHANDIGARH,2512.09,21/10/16,192751,118
T1248,C8325512,20/12/90,M,DELHI,29971.16,21/10/16,210557,11248
T1249,C3077992,1/6/1987,M,NOIDA,118222.82,21/10/16,210716,1850
T1250,C8727430,1/4/1993,M,ARIYALUR,2266.91,21/10/16,210924,50
T1251,C3317546,18/2/85,M,PATNA,13561.02,21/10/16,205950,812
T1252,C7915374,2/4/1991,F,GURGAON,41366.18,21/10/16,210421,480
T1253,C5825359,29/6/93,F,GHAZIABAD,1091586.83,21/10/16,210429,115
T1254,C2822362,3/9/1992,F,CHHINDWARA,17138.78,21/10/16,210647,52
T1255,C6731139,21/8/90,M,DEHRADUN,5624.5,21/10/16,205301,210
T1256,C5829171,18/4/88,M,GURGAON,22.41,21/10/16,205514,210
T1257,C8121442,7/1/1978,M,SIGNAL SION E MUMBAI,154192.98,21/10/16,205709,1449
T1258,C8238786,1/1/1800,M,BARAMATI PUNE BARAMATI,50849.92,21/10/16,210544,1000
T1259,C7759755,7/9/1985,M,THANE,321710.27,21/10/16,210652,3200
T1260,C6319959,16/3/80,M,BANGALORE,283041.39,21/10/16,213731,1386
T1261,C5029091,29/7/79,F,DELHI,278655.61,21/10/16,210156,357.87
T1262,C6728325,3/7/1987,M,NOIDA,105.62,21/10/16,204427,100
T1263,C8922782,22/9/88,M,GUWAHATI,79613.4,21/10/16,204428,120
T1264,C8826777,29/5/84,F,BANGALORE,76472.7,21/10/16,204431,8600
T1265,C6233669,26/2/91,F,NAVI MUMBAI,2705.75,21/10/16,204537,500
T1266,C2920373,1/6/1992,F,NEW DELHI,6600.85,21/10/16,193441,189
T1267,C5119573,23/9/86,M,AHMED NAGAR,88310.5,21/10/16,193444,166.63
T1268,C8916455,27/12/88,M,GURGAON,71.34,21/10/16,203739,296
T1269,C3841952,13/1/93,M,RAIPUR,11291.72,21/10/16,204349,439
T1270,C7814446,1/1/1980,M,CHANDIGARH,1586508.61,21/10/16,205715,100000
T1271,C8021047,23/1/88,M,KOLKATA,39265.91,21/10/16,203359,297
T1272,C2314972,29/7/93,M,THANE,,21/10/16,203227,53
T1273,C2666166,19/3/91,M,SURAT,5683.89,21/10/16,203553,78
T1274,C8150650,15/1/87,M,BANGALORE,84424.95,21/10/16,203939,550
T1275,C6138478,17/5/92,M,AURANGABAD,2292.64,21/10/16,203942,200
T1276,C1729685,30/6/68,M,KHARGHAR,656397.94,21/10/16,203939,3980
T1277,C8915839,9/7/1989,M,SAHARANPUR,3798.44,21/10/16,203945,1600
T1278,C3520147,7/11/1992,M,GWALIOR,3969.33,21/10/16,203504,150
T1279,C4039856,25/6/76,M,MUMBAI,13061.74,21/10/16,203105,574
T1280,C2630640,28/10/91,M,NEW DELHI,51551.72,21/10/16,194721,94
T1281,C8434615,18/5/91,M,BANGALORE,17675.57,21/10/16,194709,497
T1282,C2310985,10/4/1984,M,NAGPUR,21421.37,21/10/16,195041,268
T1283,C4529344,29/8/75,F,GURGAON,31487.62,21/10/16,195216,250
T1284,C7623892,10/5/1987,F,NOIDA,148928.55,21/10/16,210004,300
T1285,C4712234,30/6/70,F,DELHI,1468.29,21/10/16,213445,5755
T1286,C7413891,1/1/1800,M,JAIPUR,440463.42,21/10/16,210604,1926
T1287,C7313825,16/7/74,M,VADODARA,108688.37,21/10/16,205354,4966.81
T1288,C5835318,3/6/1976,M,BARODA,107409.7,21/10/16,205354,211
T1289,C1424943,28/12/83,M,CHENNAI,11205.93,21/10/16,205356,363
T1290,C4312637,2/6/1981,M,MUMBAI,7380.28,21/10/16,205558,270.8
T1291,C2515714,3/6/1980,M,MUMBAI,4086.88,21/10/16,205601,1326
T1292,C2137431,30/11/92,M,RANGAREDDY DIST,1320.2,21/10/16,205758,500
T1293,C2030485,23/8/79,M,KOLKATA,8813.24,21/10/16,205819,20
T1294,C5522463,17/12/84,M,BANGALORE,12969.97,21/10/16,203943,206
T1295,C8423224,24/7/90,M,THANE,4838.52,21/10/16,200838,200
T1296,C4736958,25/7/93,M,GURGAON,8550.29,21/10/16,205607,785.1
T1297,C3818551,11/4/1990,F,DHANBAD,37138.99,21/10/16,205820,3050
T1298,C3360382,22/5/93,F,BANGALORE,8164.64,21/10/16,201132,20
T1299,C7914883,2/12/1992,M,GOREGAON (W) MUMBAI,38583.59,21/10/16,201431,100
T1300,C6328914,5/10/1964,M,PUNE,50908.4,21/10/16,200407,216.5
T1301,C4037323,27/5/87,M,KOTTAYAM,9600.05,21/10/16,204748,37
T1302,C4311142,27/4/57,M,FARIDABAD,5294.18,21/10/16,204931,300
T1303,C5220169,22/8/78,M,GHAZIABAD,294835.3,21/10/16,193054,4749.36
T1304,C6430290,20/6/92,M,FARIDABAD,4213.58,21/10/16,193243,50
T1305,C3236282,10/10/1991,F,CHENNAI,13148.92,21/10/16,213734,294
T1306,C9016511,24/10/89,M,DELHI,3185.94,21/10/16,213737,190
T1307,C8022248,25/1/90,F,JAIPUR,126654.62,21/10/16,210834,738
T1308,C7030975,5/12/1983,M,ALLAHABAD,211182.99,21/10/16,205608,4000
T1309,C4719492,25/9/74,M,MUMBAI,1510.1,21/10/16,210241,749
T1310,C5822183,1/1/1800,M,CHOOLAIMEDU CHENNAI,34836.95,21/10/16,210513,300
T1311,C2919456,1/1/1800,F,COIMBATORE,1193.99,21/10/16,205336,526
T1312,C2631451,4/1/1987,F,NOIDA,52176.26,21/10/16,205526,50
T1313,C6927992,18/12/94,F,BANGALORE,8632.63,21/10/16,192937,395.59
T1314,C6234983,31/8/59,F,BHUBANESWAR,77651.2,21/10/16,200503,597
T1315,C3926851,27/7/83,F,NASIK,35178.41,21/10/16,200509,755
T1316,C6642886,6/2/1964,F,NASHIK,1033.84,21/10/16,194545,1699
T1317,C7310573,2/2/1972,M,JAMSHEDPUR,80579.53,21/10/16,203603,128
T1318,C1531452,8/4/1989,F,MUMBAI,9016.56,21/10/16,202140,715.2
T1319,C4199251,18/8/76,F,MUMBAI,95048.37,21/10/16,202334,2600
T1320,C8432038,12/8/1994,M,NEW DELHI,74869.81,21/10/16,202339,3302
T1321,C7126155,25/12/90,M,BHARUCH,1222.59,21/10/16,75446,1
T1322,C6818531,17/10/90,M,BHIWANDI,3520.08,21/10/16,210143,540
T1323,C3730090,29/4/94,F,VIZIANAGARAM,73452.89,21/10/16,205825,3220
T1324,C5415577,1/1/1800,M,BANGALORE,266380.93,21/10/16,205835,152
T1325,C1541315,12/6/1986,M,BANGALORE,1679.51,21/10/16,210037,240
T1326,C4329519,12/7/1974,F,GHAZIABAD,5642.37,21/10/16,205802,1000
T1327,C3720543,12/10/1988,F,GURGAON,196171.36,21/10/16,204439,4213
T1328,C4766543,2/2/1993,M,GURGAON,25138.75,21/10/16,193305,183
T1329,C6417656,19/1/21,M,NEW DELHI,1125922.25,21/10/16,192755,6300
T1330,C3037933,29/11/91,F,HAZARIBAGH,47959.3,21/10/16,200907,121
T1331,C7157644,17/5/92,F,TRISHUR,44917.99,21/10/16,200502,553
T1332,C3021678,19/2/83,M,TRIVANDRUM,9257.68,21/10/16,210812,482.52
T1333,C8636047,24/3/84,M,DELHI,29974.96,21/10/16,205551,271
T1334,C8139938,1/1/1800,M,MUMBAI,11933.25,21/10/16,212702,550
T1335,C8522884,6/7/1994,M,KALKA,80.5,21/10/16,212615,100
T1336,C7211682,6/11/1992,F,KALOL,15994.73,21/10/16,210303,1077.32
T1337,C8028850,18/2/75,M,SONIPAT,28286.43,21/10/16,205549,14776.33
T1338,C6940113,28/10/88,M,AURANGABAD,3330.68,21/10/16,205304,30
T1339,C6841031,15/2/91,F,BANGALORE,2910.54,21/10/16,200018,2049
T1340,C3013141,10/3/1960,M,KOCHI,422317.25,21/10/16,200020,5230
T1341,C4621787,8/8/1984,F,RATIA,13519.44,21/10/16,200352,215
T1342,C4397661,28/12/91,F,DELHI,31489.6,21/10/16,200552,1956
T1343,C6721246,14/8/92,F,PATNA,6624.18,21/10/16,201322,2750
T1344,C2978552,31/10/92,M,NOIDA,231645.27,21/10/16,210834,1358
T1345,C7817526,3/11/1992,M,KOLKATA,7850.78,21/10/16,205341,26
T1346,C7836941,28/1/94,M,LUCKNOW,358887.8,21/10/16,201331,100
T1347,C7729224,16/10/91,M,NEW DELHI,307308.73,21/10/16,201118,51750
T1348,C7714850,21/12/87,F,BANGALORE,12783.48,21/10/16,210213,70
T1349,C5369913,29/9/84,M,NEW DELHI,12298.34,21/10/16,210218,1030
T1350,C4735289,1/1/1800,M,LUDHIANA,7675.37,21/10/16,210428,312.78
T1351,C6528686,8/2/1961,M,MUMBAI,1382.67,21/10/16,210442,1000
T1352,C5522459,2/5/1990,F,SRIVILLIPUTTUR,12152.62,21/10/16,210443,107.51
T1353,C8326751,6/5/1991,F,RAIPUR,1444.09,21/10/16,210905,150
T1354,C7640285,23/4/93,F,AMRITSAR,2931.34,21/10/16,210908,55
T1355,C3029343,12/12/1985,M,FARIDABAD,433485.24,21/10/16,211026,1000
T1356,C1034815,25/12/73,M,GURGAON,1661.78,21/10/16,210521,1024
T1357,C6530445,22/10/86,M,DELHI,188040.94,21/10/16,210650,890
T1358,C4451291,17/12/79,M,BANGALORE,52.62,21/10/16,210915,115
T1359,C3639779,25/2/90,M,RANCHI,156282.31,21/10/16,205316,50
T1360,C4713839,28/2/87,M,HUBLI,10842.88,21/10/16,205520,744
T1361,C1026065,1/1/1800,M,NEW DELHI,46325.73,21/10/16,165950,1
T1362,C6333158,29/10/84,M,KALYAN,4506.88,21/10/16,202953,1060
T1363,C7625126,20/9/96,M,YAMUNANAGAR,29064.51,21/10/16,200149,18.02
T1364,C5923327,28/2/86,M,CHANDIGARH,125710.5,21/10/16,203406,200
T1365,C5523211,10/3/1994,M,BHIWANDI,4940.81,21/10/16,194848,1400
T1366,C1026377,13/2/94,F,PATHANAMTHITTA,236,21/10/16,195031,1800
T1367,C8813579,24/12/72,F,ALLAHABAD,540310.53,21/10/16,195031,500
T1368,C6538455,31/10/79,M,NAGRI VASAI E THANE,154528.06,21/10/16,195204,1441
T1369,C8718978,1/8/1996,F,CHENNAI,17248.02,21/10/16,195216,200
T1370,C5123069,27/4/84,F,MUMBAI,301965.7,21/10/16,195350,250
T1371,C2117362,22/10/80,F,MUMBAI,3542.11,21/10/16,195353,3663
T1372,C5026374,5/11/1966,M,SHILLONG,2777.78,21/10/16,194603,450
T1373,C5619632,4/4/1990,M,KALYANPUR DIST HARIDWAR ROORKEE,23082.57,21/10/16,202757,210
T1374,C8110573,9/10/1986,F,MUMBAI,18441.44,21/10/16,202802,1348.2
T1375,C6644760,4/6/1976,M,KOLKATA,2186.4,21/10/16,203644,300
T1376,C6033775,22/8/87,M,THANE,3917.53,21/10/16,200953,1195
T1377,C1258076,18/9/91,F,GURGAON,26573.95,21/10/16,201524,447
T1378,C1915719,21/10/91,M,DELHI,3572.28,21/10/16,193204,165
T1379,C5926436,28/12/83,M,SOUTH 24 PARGANAS,12557.31,21/10/16,193213,15
T1380,C5561440,27/5/88,F,GURGAON,25060.8,21/10/16,193209,50
T1381,C2177553,7/5/1985,M,NEW DELHI,562338.48,21/10/16,193551,8225
T1382,C5830361,23/9/69,F,ULHASNAGAR,175281.17,21/10/16,210702,63000
T1383,C4228281,13/7/84,M,GHAZIABAD,61684.86,21/10/16,210719,259
T1384,C2550981,1/3/1994,M,ROURKELA,38058.83,21/10/16,210616,1465.75
T1385,C4553050,31/8/81,M,AHMEDABAD,12854.03,21/10/16,210752,449
T1386,C1830720,2/4/1978,M,KOLKATA,129035.65,21/10/16,205901,798
T1387,C1749822,30/12/77,M,GHAZIPUR,75959.96,21/10/16,205952,370
T1388,C2232440,13/10/85,F,MUMBAI,350530.88,21/10/16,210035,1748
T1389,C6737715,30/3/70,M,RAIPUR,1669.05,21/10/16,210035,650
T1390,C6831025,17/11/82,M,MUMBAI,1974.09,21/10/16,210119,290
T1391,C2922391,7/10/1993,F,SECUNDERABAD,23862.75,21/10/16,204846,25
T1392,C4399428,15/2/86,M,BANGALORE,1132.47,21/10/16,204849,170
T1393,C5366765,30/9/89,M,DELHI,614.31,21/10/16,202448,100
T1394,C5212179,26/9/89,M,MATHURA,4573.28,21/10/16,202452,20426.52
T1395,C4019053,24/2/88,F,CHENNAI,6829.19,21/10/16,201209,1292
T1396,C7924846,16/6/87,M,BANGALORE,2012.05,21/10/16,195050,18.15
T1397,C4323926,18/1/78,F,GURGAON,204863.48,21/10/16,195000,790
T1398,C8327713,4/6/1985,M,FIROZABAD,5141.11,21/10/16,104024,1350
T1399,C2131123,14/8/96,M,KANNIYAKUMARI,3109.38,21/10/16,195826,500
T1400,C5823116,25/3/90,M,SIVAGANGAI,5794.25,21/10/16,195105,50
T1401,C1535864,7/4/1992,M,GURGAON,46903.7,21/10/16,210948,90
T1402,C1493589,30/5/66,F,BANGALORE,33522.48,21/10/16,210324,3536
T1403,C5342125,2/10/1988,M,RAJAPALAYAM,86.12,21/10/16,210325,270
T1404,C6246426,2/1/1982,F,BANGALORE,5389.71,21/10/16,201238,1469
T1405,C6739783,14/7/83,F,TIRUCHIRAPPALLI DT,26011.49,21/10/16,201742,980
T1406,C8326960,20/9/88,F,THANE DISTRICT,3.52,21/10/16,210910,3855
T1407,C7228365,10/3/1991,M,HOSUR,7974.07,21/10/16,210910,150
T1408,C5820220,4/12/1990,F,GURGAON,82366.06,21/10/16,210959,224
T1409,C6227520,20/12/81,M,JAMSHEDPUR,3029.71,21/10/16,211000,60
T1410,C6221534,25/1/83,M,NASHIK,4328.88,21/10/16,211001,1800
T1411,C3439232,21/7/85,M,FARIDABAD,309124.44,21/10/16,210151,9400
T1412,C5522617,29/9/82,F,SIGNAL SION E MUMBAI,273607.45,21/10/16,203231,465
T1413,C7518659,20/5/89,F,BG ROAD BANGALORE,24113.08,21/10/16,203430,365
T1414,C8822511,28/9/91,F,JALPAIGURI,33208.1,21/10/16,210046,1129
T1415,C8369281,20/12/82,M,BANGALORE,128841.8,21/10/16,200101,391
T1416,C6012242,28/7/80,M,ATHAL,16619.42,21/10/16,200111,5000
T1417,C1728683,28/3/89,M,DURG,27295.7,21/10/16,205537,120
T1418,C4820348,20/2/90,M,MUMBAI,16529.01,21/10/16,204448,94
T1419,C5717433,1/1/1800,F,MOHALI,14131195.02,21/10/16,204645,2411
T1420,C7914452,1/1/1800,M,CHENNAI,27021.05,21/10/16,204644,1609
T1421,C8020680,17/6/80,M,MUMBAI,11311.19,21/10/16,204648,1500
T1422,C3736352,27/8/91,M,MUMBAI,45849,21/10/16,204853,1820
T1423,C3837037,14/1/91,M,BANGALORE,20342.41,21/10/16,201535,500
T1424,C3773516,21/3/91,M,DELHI,151.24,21/10/16,192412,200
T1425,C3234933,15/7/95,F,SILCHAR,25177.71,21/10/16,192551,186
T1426,C4128487,1/4/1971,M,HYDERABAD,14623.69,21/10/16,193550,1
T1427,C1133828,21/4/90,M,UNNAO,52527.87,21/10/16,210355,2543
T1428,C2713772,12/12/1970,M,JHAJJAR,8349.68,21/10/16,211236,449
T1429,C2515142,23/2/96,M,DARBHANGA,2018.8,21/10/16,204816,50
T1430,C5739050,30/9/86,M,DELHI,19151.49,21/10/16,204918,100
T1431,C3931068,6/4/1991,F,MUMBAI,5476.53,21/10/16,205050,870
T1432,C8013067,6/7/1972,M,CHENNAI,108417.31,21/10/16,201920,153
T1433,C7835245,26/10/89,F,DELHI,10125.36,21/10/16,202107,630
T1434,C6439014,27/9/70,F,NOIDA,420790.39,21/10/16,193151,198.83
T1435,C3721373,12/1/1990,M,BANGALORE,12946.8,21/10/16,210456,100
T1436,C4740342,9/1/1990,M,MUMBAI,147861.4,21/10/16,210625,1304
T1437,C9033931,2/9/1990,M,KOLKATA,411.17,21/10/16,210847,64.1
T1438,C1841937,1/1/1800,M,KHANNA,13226.16,21/10/16,210849,490
T1439,C1322458,26/3/92,M,NOIDA,4101.54,21/10/16,193337,37
T1440,C3637967,4/12/1988,M,FARIDABAD,11438.82,21/10/16,214950,780
T1441,C7963589,12/6/1989,M,RANGA REDDY,104.52,21/10/16,201131,2342
T1442,C2263565,12/6/1989,M,RANGA REDDY,104.52,21/10/16,195537,2206
T1443,C1098164,6/5/1989,M,BANGALORE,91021.52,21/10/16,195759,474
T1444,C7034211,16/8/91,M,PUNE,3488.24,21/10/16,213043,100
T1445,C6710962,1/12/1991,F,BANGALORE,24742.49,21/10/16,201206,640
T1446,C4631451,8/1/1989,M,WARANGAL,11614.1,21/10/16,202009,50000
T1447,C7044488,12/6/1986,M,COLONY THANE EAST THANE,71770.19,21/10/16,212315,385
T1448,C7427644,11/9/1985,F,GURGAON,329088.78,21/10/16,205113,2540
T1449,C1252123,3/7/1969,M,FARIDABAD,25559.37,21/10/16,172115,114.17
T1450,C4329936,25/9/92,F,NOIDA,28600.11,21/10/16,202650,1200
T1451,C6839140,6/1/1979,M,GREATER NOIDA,225588.8,21/10/16,202851,396
T1452,C2314123,21/4/86,M,MUMBAI,3374.45,21/10/16,202851,1
T1453,C1913183,29/11/92,M,DELHI,4065.42,21/10/16,192950,200
T1454,C7436917,2/3/1968,F,DELHI,425052.54,21/10/16,214228,7915
T1455,C5828132,9/1/1992,M,SURAT,24381.67,21/10/16,104415,120
T1456,C5413749,10/4/1980,M,NASHIK,3602.32,21/10/16,200330,50
T1457,C8013141,13/9/89,M,NEW DELHI,155633.09,21/10/16,200015,10
T1458,C5919812,1/1/1987,M,BOISAR,1509.2,21/10/16,200928,930
T1459,C7220644,28/5/85,M,BARGARH,8752.13,21/10/16,200930,318
T1460,C2023330,8/9/1986,M,GURGAON,14780.04,21/10/16,203250,600
T1461,C3630048,1/1/1800,M,NOIDA,96786.84,21/10/16,201418,80
T1462,C5623388,18/1/96,M,VARANASI,17345.67,21/10/16,193225,98
T1463,C7039286,1/1/1800,M,HOSPITAL BEHIND COIMBATORE,92597.62,21/10/16,215036,85
T1464,C6941581,14/2/75,M,HYDERABAD,151.76,21/10/16,220049,200
T1465,C3468244,25/1/84,M,AHMEDABAD,23619.81,21/10/16,213039,2000
T1466,C7144634,3/1/1996,M,PUNE,29.96,21/10/16,215352,127
T1467,C5527414,30/6/87,M,DELHI,20247.07,21/10/16,205710,150
T1468,C7719157,5/2/1992,F,MOHALI,1015.19,21/10/16,205712,3
T1469,C8816621,10/6/1989,M,MUMBAI,97813.2,21/10/16,205828,25
T1470,C4029960,3/2/1982,M,FARIDABAD,26683.46,21/10/16,205821,50
T1471,C3310513,5/12/1991,M,MUMBAI,2858.49,21/10/16,205730,140
T1472,C8837242,29/9/91,F,GURGAON,44819.71,21/10/16,205908,1699
T1473,C1234537,12/3/1983,F,GURGAON,61441.77,21/10/16,202140,1150
T1474,C1229590,28/6/88,F,BOISAR,13599.87,21/10/16,213655,100
T1475,C2522945,7/9/1990,M,BANGALORE,1487.85,21/10/16,200835,538
T1476,C6311017,27/11/82,M,PUNE,4874.06,21/10/16,192355,2146.4
T1477,C6418333,9/12/1992,M,BANGALORE,3189.92,21/10/16,203150,432.64
T1478,C7034229,1/1/1800,M,NEW DELHI,530,21/10/16,204107,1600
T1479,C1837988,17/7/80,M,REWARI,6583.32,21/10/16,204308,804
T1480,C5041952,13/9/83,F,PUNE,3801.19,21/10/16,203802,2553
T1481,C5027751,9/4/1979,M,NEW DELHI,19893.38,21/10/16,193004,780
T1482,C6150741,18/9/87,M,NOIDA,4879.75,21/10/16,193116,806
T1483,C7113155,15/5/68,F,COIMBATORE,35747.1,21/10/16,203651,2184.87
T1484,C9032725,27/9/89,M,PUNE,14584.36,21/10/16,203703,1180
T1485,C6937369,31/8/87,M,DELHI,68343.18,21/10/16,204059,1000
T1486,C5011440,31/7/93,M,DELHI,19817.96,21/10/16,204102,758
T1487,C4041563,9/5/1995,M,THIRUVANNAMALAI,4858.77,21/10/16,202436,300
T1488,C2828226,7/7/1962,M,N M JOSHI MARG LOWER PAREL MUMBAI,2494964.39,21/10/16,163238,1659.69
T1489,C2920538,25/6/90,F,MUMBAI,2382.24,21/10/16,213802,970
T1490,C2557412,31/5/88,M,LAYOUT PH 1 MALLATHAHALLI BANGALORE,32549.94,21/10/16,213806,200
T1491,C1121046,1/6/1994,M,GURGAON,18035.47,21/10/16,204512,50
T1492,C2337979,4/11/1991,F,GURGAON,59188.75,21/10/16,195048,184
T1493,C2838244,8/10/1976,F,BANGALORE,53306.02,21/10/16,202317,5000
T1494,C8622547,7/7/1986,F,CHENNAI,7592.69,21/10/16,193002,430
T1495,C8510148,27/6/93,M,GURGAON,25208.53,21/10/16,193142,70
T1496,C2515550,nan,M,NEW DELHI,384.07,21/10/16,193326,2800
T1497,C3936622,10/11/1989,M,GURGAON,166521.05,21/10/16,205255,370
T1498,C1673154,5/8/1986,M,HYDERABAD,17630.62,21/10/16,205510,40000
T1499,C2415565,22/12/89,M,BANGALORE,8644.71,21/10/16,205631,279
T1500,C8822478,25/9/91,F,CHENNAI,43721.03,21/10/16,195319,15960
